<annotation>
	<folder></folder>
	<filename>1000_JPEG_jpg.rf.60133502a8a07811af05549c7f4db67a.jpg</filename>
	<path>1000_JPEG_jpg.rf.60133502a8a07811af05549c7f4db67a.jpg</path>
	<source>
		<database>roboflow.ai</database>
	</source>
	<size>
		<width>600</width>
		<height>403</height>
		<depth>3</depth>
	</size>
	<segmented>0</segmented>
	<object>
		<name>drone</name>
		<pose>Unspecified</pose>
		<truncated>0</truncated>
		<difficult>0</difficult>
		<occluded>0</occluded>
		<bndbox>
			<xmin>111</xmin>
			<xmax>232</xmax>
			<ymin>154</ymin>
			<ymax>203</ymax>
		</bndbox>
	</object>
</annotation>
