<annotation>
	<folder></folder>
	<filename>1006_JPEG_jpg.rf.c2645573b505e697a5fed058532b1f17.jpg</filename>
	<path>1006_JPEG_jpg.rf.c2645573b505e697a5fed058532b1f17.jpg</path>
	<source>
		<database>roboflow.ai</database>
	</source>
	<size>
		<width>400</width>
		<height>300</height>
		<depth>3</depth>
	</size>
	<segmented>0</segmented>
	<object>
		<name>drone</name>
		<pose>Unspecified</pose>
		<truncated>0</truncated>
		<difficult>0</difficult>
		<occluded>0</occluded>
		<bndbox>
			<xmin>176</xmin>
			<xmax>256</xmax>
			<ymin>17</ymin>
			<ymax>57</ymax>
		</bndbox>
	</object>
</annotation>
