<annotation>
	<folder></folder>
	<filename>1010_JPEG_jpg.rf.a4806fd7ff0ea9cd1272332a58eaa007.jpg</filename>
	<path>1010_JPEG_jpg.rf.a4806fd7ff0ea9cd1272332a58eaa007.jpg</path>
	<source>
		<database>roboflow.ai</database>
	</source>
	<size>
		<width>608</width>
		<height>342</height>
		<depth>3</depth>
	</size>
	<segmented>0</segmented>
	<object>
		<name>drone</name>
		<pose>Unspecified</pose>
		<truncated>0</truncated>
		<difficult>0</difficult>
		<occluded>0</occluded>
		<bndbox>
			<xmin>142</xmin>
			<xmax>410</xmax>
			<ymin>135</ymin>
			<ymax>202</ymax>
		</bndbox>
	</object>
</annotation>
