<annotation>
	<folder></folder>
	<filename>109_JPEG_jpg.rf.29dde7040e24e03fe85e8526a731439f.jpg</filename>
	<path>109_JPEG_jpg.rf.29dde7040e24e03fe85e8526a731439f.jpg</path>
	<source>
		<database>roboflow.ai</database>
	</source>
	<size>
		<width>1920</width>
		<height>1090</height>
		<depth>3</depth>
	</size>
	<segmented>0</segmented>
	<object>
		<name>drone</name>
		<pose>Unspecified</pose>
		<truncated>0</truncated>
		<difficult>0</difficult>
		<occluded>0</occluded>
		<bndbox>
			<xmin>90</xmin>
			<xmax>503</xmax>
			<ymin>210</ymin>
			<ymax>440</ymax>
		</bndbox>
	</object>
</annotation>
