<annotation>
	<folder></folder>
	<filename>112_JPEG_jpg.rf.0d7872be5eb1f43d6b7db8984ea7caf0.jpg</filename>
	<path>112_JPEG_jpg.rf.0d7872be5eb1f43d6b7db8984ea7caf0.jpg</path>
	<source>
		<database>roboflow.ai</database>
	</source>
	<size>
		<width>800</width>
		<height>450</height>
		<depth>3</depth>
	</size>
	<segmented>0</segmented>
	<object>
		<name>drone</name>
		<pose>Unspecified</pose>
		<truncated>0</truncated>
		<difficult>0</difficult>
		<occluded>0</occluded>
		<bndbox>
			<xmin>40</xmin>
			<xmax>752</xmax>
			<ymin>53</ymin>
			<ymax>389</ymax>
		</bndbox>
	</object>
</annotation>
