<annotation>
	<folder></folder>
	<filename>113_JPEG_jpg.rf.e51528a735888e8eabf8ab3a8fd6a015.jpg</filename>
	<path>113_JPEG_jpg.rf.e51528a735888e8eabf8ab3a8fd6a015.jpg</path>
	<source>
		<database>roboflow.ai</database>
	</source>
	<size>
		<width>890</width>
		<height>559</height>
		<depth>3</depth>
	</size>
	<segmented>0</segmented>
	<object>
		<name>drone</name>
		<pose>Unspecified</pose>
		<truncated>0</truncated>
		<difficult>0</difficult>
		<occluded>0</occluded>
		<bndbox>
			<xmin>15</xmin>
			<xmax>144</xmax>
			<ymin>87</ymin>
			<ymax>159</ymax>
		</bndbox>
	</object>
	<object>
		<name>drone</name>
		<pose>Unspecified</pose>
		<truncated>0</truncated>
		<difficult>0</difficult>
		<occluded>0</occluded>
		<bndbox>
			<xmin>394</xmin>
			<xmax>801</xmax>
			<ymin>60</ymin>
			<ymax>272</ymax>
		</bndbox>
	</object>
</annotation>
