<annotation>
	<folder></folder>
	<filename>114_JPEG_jpg.rf.dfe3e24f59106193b9d3aa9a30516ec6.jpg</filename>
	<path>114_JPEG_jpg.rf.dfe3e24f59106193b9d3aa9a30516ec6.jpg</path>
	<source>
		<database>roboflow.ai</database>
	</source>
	<size>
		<width>1920</width>
		<height>1080</height>
		<depth>3</depth>
	</size>
	<segmented>0</segmented>
	<object>
		<name>drone</name>
		<pose>Unspecified</pose>
		<truncated>0</truncated>
		<difficult>0</difficult>
		<occluded>0</occluded>
		<bndbox>
			<xmin>549</xmin>
			<xmax>1080</xmax>
			<ymin>390</ymin>
			<ymax>654</ymax>
		</bndbox>
	</object>
</annotation>
