<annotation>
	<folder></folder>
	<filename>116_JPEG_jpg.rf.3a73e4b2ebe668605e6449bd3ccf577d.jpg</filename>
	<path>116_JPEG_jpg.rf.3a73e4b2ebe668605e6449bd3ccf577d.jpg</path>
	<source>
		<database>roboflow.ai</database>
	</source>
	<size>
		<width>960</width>
		<height>590</height>
		<depth>3</depth>
	</size>
	<segmented>0</segmented>
	<object>
		<name>drone</name>
		<pose>Unspecified</pose>
		<truncated>0</truncated>
		<difficult>0</difficult>
		<occluded>0</occluded>
		<bndbox>
			<xmin>149</xmin>
			<xmax>680</xmax>
			<ymin>121</ymin>
			<ymax>366</ymax>
		</bndbox>
	</object>
</annotation>
