<annotation>
	<folder></folder>
	<filename>118_JPEG_jpg.rf.bc6ad1b9e81000378d62c271e978eb9b.jpg</filename>
	<path>118_JPEG_jpg.rf.bc6ad1b9e81000378d62c271e978eb9b.jpg</path>
	<source>
		<database>roboflow.ai</database>
	</source>
	<size>
		<width>1280</width>
		<height>738</height>
		<depth>3</depth>
	</size>
	<segmented>0</segmented>
	<object>
		<name>drone</name>
		<pose>Unspecified</pose>
		<truncated>0</truncated>
		<difficult>0</difficult>
		<occluded>0</occluded>
		<bndbox>
			<xmin>460</xmin>
			<xmax>615</xmax>
			<ymin>105</ymin>
			<ymax>206</ymax>
		</bndbox>
	</object>
</annotation>
