<annotation>
	<folder></folder>
	<filename>119_JPEG_jpg.rf.034ded021368376abaee1aaf95fbf66b.jpg</filename>
	<path>119_JPEG_jpg.rf.034ded021368376abaee1aaf95fbf66b.jpg</path>
	<source>
		<database>roboflow.ai</database>
	</source>
	<size>
		<width>1920</width>
		<height>1090</height>
		<depth>3</depth>
	</size>
	<segmented>0</segmented>
	<object>
		<name>drone</name>
		<pose>Unspecified</pose>
		<truncated>0</truncated>
		<difficult>0</difficult>
		<occluded>0</occluded>
		<bndbox>
			<xmin>723</xmin>
			<xmax>828</xmax>
			<ymin>404</ymin>
			<ymax>455</ymax>
		</bndbox>
	</object>
</annotation>
