<annotation>
	<folder></folder>
	<filename>11_JPEG_jpg.rf.67a5995fa7be29e096752fba650c870c.jpg</filename>
	<path>11_JPEG_jpg.rf.67a5995fa7be29e096752fba650c870c.jpg</path>
	<source>
		<database>roboflow.ai</database>
	</source>
	<size>
		<width>596</width>
		<height>349</height>
		<depth>3</depth>
	</size>
	<segmented>0</segmented>
	<object>
		<name>drone</name>
		<pose>Unspecified</pose>
		<truncated>0</truncated>
		<difficult>0</difficult>
		<occluded>0</occluded>
		<bndbox>
			<xmin>110</xmin>
			<xmax>567</xmax>
			<ymin>120</ymin>
			<ymax>322</ymax>
		</bndbox>
	</object>
</annotation>
