<annotation>
	<folder></folder>
	<filename>120_JPEG_jpg.rf.52c0c18619d486995206bbd22e6da293.jpg</filename>
	<path>120_JPEG_jpg.rf.52c0c18619d486995206bbd22e6da293.jpg</path>
	<source>
		<database>roboflow.ai</database>
	</source>
	<size>
		<width>1280</width>
		<height>738</height>
		<depth>3</depth>
	</size>
	<segmented>0</segmented>
	<object>
		<name>drone</name>
		<pose>Unspecified</pose>
		<truncated>0</truncated>
		<difficult>0</difficult>
		<occluded>0</occluded>
		<bndbox>
			<xmin>531</xmin>
			<xmax>686</xmax>
			<ymin>153</ymin>
			<ymax>248</ymax>
		</bndbox>
	</object>
</annotation>
