<annotation>
	<folder></folder>
	<filename>122_JPEG_jpg.rf.bfcb4ae97b1569533901e088133ad57e.jpg</filename>
	<path>122_JPEG_jpg.rf.bfcb4ae97b1569533901e088133ad57e.jpg</path>
	<source>
		<database>roboflow.ai</database>
	</source>
	<size>
		<width>1920</width>
		<height>1090</height>
		<depth>3</depth>
	</size>
	<segmented>0</segmented>
	<object>
		<name>drone</name>
		<pose>Unspecified</pose>
		<truncated>0</truncated>
		<difficult>0</difficult>
		<occluded>0</occluded>
		<bndbox>
			<xmin>537</xmin>
			<xmax>577</xmax>
			<ymin>247</ymin>
			<ymax>293</ymax>
		</bndbox>
	</object>
</annotation>
