<annotation>
	<folder></folder>
	<filename>123_JPEG_jpg.rf.b0701aa6d8e3702b648fb02f291851e0.jpg</filename>
	<path>123_JPEG_jpg.rf.b0701aa6d8e3702b648fb02f291851e0.jpg</path>
	<source>
		<database>roboflow.ai</database>
	</source>
	<size>
		<width>1920</width>
		<height>1090</height>
		<depth>3</depth>
	</size>
	<segmented>0</segmented>
	<object>
		<name>drone</name>
		<pose>Unspecified</pose>
		<truncated>0</truncated>
		<difficult>0</difficult>
		<occluded>0</occluded>
		<bndbox>
			<xmin>814</xmin>
			<xmax>923</xmax>
			<ymin>482</ymin>
			<ymax>565</ymax>
		</bndbox>
	</object>
</annotation>
