<annotation>
	<folder></folder>
	<filename>126_JPEG_jpg.rf.9fe9a72af2b27a07a8fd797177057f7c.jpg</filename>
	<path>126_JPEG_jpg.rf.9fe9a72af2b27a07a8fd797177057f7c.jpg</path>
	<source>
		<database>roboflow.ai</database>
	</source>
	<size>
		<width>575</width>
		<height>390</height>
		<depth>3</depth>
	</size>
	<segmented>0</segmented>
	<object>
		<name>drone</name>
		<pose>Unspecified</pose>
		<truncated>0</truncated>
		<difficult>0</difficult>
		<occluded>0</occluded>
		<bndbox>
			<xmin>50</xmin>
			<xmax>570</xmax>
			<ymin>66</ymin>
			<ymax>303</ymax>
		</bndbox>
	</object>
</annotation>
