<annotation>
	<folder></folder>
	<filename>127_JPEG_jpg.rf.d9e48e31fb26f195fdce30417e8c83fe.jpg</filename>
	<path>127_JPEG_jpg.rf.d9e48e31fb26f195fdce30417e8c83fe.jpg</path>
	<source>
		<database>roboflow.ai</database>
	</source>
	<size>
		<width>1920</width>
		<height>1090</height>
		<depth>3</depth>
	</size>
	<segmented>0</segmented>
	<object>
		<name>drone</name>
		<pose>Unspecified</pose>
		<truncated>0</truncated>
		<difficult>0</difficult>
		<occluded>0</occluded>
		<bndbox>
			<xmin>691</xmin>
			<xmax>736</xmax>
			<ymin>435</ymin>
			<ymax>466</ymax>
		</bndbox>
	</object>
</annotation>
