<annotation>
	<folder></folder>
	<filename>128_JPEG_jpg.rf.0509c8efe72d0fd082d3390f30a8c06b.jpg</filename>
	<path>128_JPEG_jpg.rf.0509c8efe72d0fd082d3390f30a8c06b.jpg</path>
	<source>
		<database>roboflow.ai</database>
	</source>
	<size>
		<width>1920</width>
		<height>1090</height>
		<depth>3</depth>
	</size>
	<segmented>0</segmented>
	<object>
		<name>drone</name>
		<pose>Unspecified</pose>
		<truncated>0</truncated>
		<difficult>0</difficult>
		<occluded>0</occluded>
		<bndbox>
			<xmin>812</xmin>
			<xmax>914</xmax>
			<ymin>497</ymin>
			<ymax>563</ymax>
		</bndbox>
	</object>
</annotation>
