<annotation>
	<folder></folder>
	<filename>129_JPEG_jpg.rf.e98d20c2e740128d8f1ebb987490ab80.jpg</filename>
	<path>129_JPEG_jpg.rf.e98d20c2e740128d8f1ebb987490ab80.jpg</path>
	<source>
		<database>roboflow.ai</database>
	</source>
	<size>
		<width>1280</width>
		<height>738</height>
		<depth>3</depth>
	</size>
	<segmented>0</segmented>
	<object>
		<name>drone</name>
		<pose>Unspecified</pose>
		<truncated>0</truncated>
		<difficult>0</difficult>
		<occluded>0</occluded>
		<bndbox>
			<xmin>717</xmin>
			<xmax>944</xmax>
			<ymin>242</ymin>
			<ymax>359</ymax>
		</bndbox>
	</object>
	<object>
		<name>drone</name>
		<pose>Unspecified</pose>
		<truncated>0</truncated>
		<difficult>0</difficult>
		<occluded>0</occluded>
		<bndbox>
			<xmin>134</xmin>
			<xmax>354</xmax>
			<ymin>165</ymin>
			<ymax>273</ymax>
		</bndbox>
	</object>
</annotation>
