<annotation>
	<folder></folder>
	<filename>12_JPEG_jpg.rf.983b5251d50e5ea6bfd9651b729cb62e.jpg</filename>
	<path>12_JPEG_jpg.rf.983b5251d50e5ea6bfd9651b729cb62e.jpg</path>
	<source>
		<database>roboflow.ai</database>
	</source>
	<size>
		<width>1920</width>
		<height>1090</height>
		<depth>3</depth>
	</size>
	<segmented>0</segmented>
	<object>
		<name>drone</name>
		<pose>Unspecified</pose>
		<truncated>0</truncated>
		<difficult>0</difficult>
		<occluded>0</occluded>
		<bndbox>
			<xmin>720</xmin>
			<xmax>1110</xmax>
			<ymin>720</ymin>
			<ymax>1007</ymax>
		</bndbox>
	</object>
</annotation>
