<annotation>
	<folder></folder>
	<filename>135_JPEG_jpg.rf.d5be9782889400a6dbad05ec9cbe9d9f.jpg</filename>
	<path>135_JPEG_jpg.rf.d5be9782889400a6dbad05ec9cbe9d9f.jpg</path>
	<source>
		<database>roboflow.ai</database>
	</source>
	<size>
		<width>600</width>
		<height>400</height>
		<depth>3</depth>
	</size>
	<segmented>0</segmented>
	<object>
		<name>drone</name>
		<pose>Unspecified</pose>
		<truncated>0</truncated>
		<difficult>0</difficult>
		<occluded>0</occluded>
		<bndbox>
			<xmin>12</xmin>
			<xmax>552</xmax>
			<ymin>29</ymin>
			<ymax>368</ymax>
		</bndbox>
	</object>
</annotation>
