<annotation>
	<folder></folder>
	<filename>138_JPEG_jpg.rf.1b4d6dffa535009468a4cbdfd4fb0973.jpg</filename>
	<path>138_JPEG_jpg.rf.1b4d6dffa535009468a4cbdfd4fb0973.jpg</path>
	<source>
		<database>roboflow.ai</database>
	</source>
	<size>
		<width>1920</width>
		<height>1090</height>
		<depth>3</depth>
	</size>
	<segmented>0</segmented>
	<object>
		<name>drone</name>
		<pose>Unspecified</pose>
		<truncated>0</truncated>
		<difficult>0</difficult>
		<occluded>0</occluded>
		<bndbox>
			<xmin>360</xmin>
			<xmax>484</xmax>
			<ymin>566</ymin>
			<ymax>645</ymax>
		</bndbox>
	</object>
</annotation>
