<annotation>
	<folder></folder>
	<filename>141_JPEG_jpg.rf.565d116568e37f09b04fddfa5780f0ec.jpg</filename>
	<path>141_JPEG_jpg.rf.565d116568e37f09b04fddfa5780f0ec.jpg</path>
	<source>
		<database>roboflow.ai</database>
	</source>
	<size>
		<width>1280</width>
		<height>738</height>
		<depth>3</depth>
	</size>
	<segmented>0</segmented>
	<object>
		<name>drone</name>
		<pose>Unspecified</pose>
		<truncated>0</truncated>
		<difficult>0</difficult>
		<occluded>0</occluded>
		<bndbox>
			<xmin>399</xmin>
			<xmax>738</xmax>
			<ymin>461</ymin>
			<ymax>650</ymax>
		</bndbox>
	</object>
</annotation>
