<annotation>
	<folder></folder>
	<filename>143_JPEG_jpg.rf.7862041e4e9b435ca4e2d37dcd950528.jpg</filename>
	<path>143_JPEG_jpg.rf.7862041e4e9b435ca4e2d37dcd950528.jpg</path>
	<source>
		<database>roboflow.ai</database>
	</source>
	<size>
		<width>640</width>
		<height>640</height>
		<depth>3</depth>
	</size>
	<segmented>0</segmented>
	<object>
		<name>drone</name>
		<pose>Unspecified</pose>
		<truncated>0</truncated>
		<difficult>0</difficult>
		<occluded>0</occluded>
		<bndbox>
			<xmin>302</xmin>
			<xmax>362</xmax>
			<ymin>55</ymin>
			<ymax>103</ymax>
		</bndbox>
	</object>
</annotation>
