<annotation>
	<folder></folder>
	<filename>145_JPEG_jpg.rf.b8513400c2cb57116dce2ab6bf3eb49b.jpg</filename>
	<path>145_JPEG_jpg.rf.b8513400c2cb57116dce2ab6bf3eb49b.jpg</path>
	<source>
		<database>roboflow.ai</database>
	</source>
	<size>
		<width>1920</width>
		<height>1090</height>
		<depth>3</depth>
	</size>
	<segmented>0</segmented>
	<object>
		<name>drone</name>
		<pose>Unspecified</pose>
		<truncated>0</truncated>
		<difficult>0</difficult>
		<occluded>0</occluded>
		<bndbox>
			<xmin>618</xmin>
			<xmax>914</xmax>
			<ymin>390</ymin>
			<ymax>559</ymax>
		</bndbox>
	</object>
</annotation>
