<annotation>
	<folder></folder>
	<filename>146_JPEG_jpg.rf.7d381564d6de9eb25cdb405cf8d8a6b3.jpg</filename>
	<path>146_JPEG_jpg.rf.7d381564d6de9eb25cdb405cf8d8a6b3.jpg</path>
	<source>
		<database>roboflow.ai</database>
	</source>
	<size>
		<width>557</width>
		<height>371</height>
		<depth>3</depth>
	</size>
	<segmented>0</segmented>
	<object>
		<name>drone</name>
		<pose>Unspecified</pose>
		<truncated>0</truncated>
		<difficult>0</difficult>
		<occluded>0</occluded>
		<bndbox>
			<xmin>306</xmin>
			<xmax>356</xmax>
			<ymin>265</ymin>
			<ymax>311</ymax>
		</bndbox>
	</object>
	<object>
		<name>drone</name>
		<pose>Unspecified</pose>
		<truncated>0</truncated>
		<difficult>0</difficult>
		<occluded>0</occluded>
		<bndbox>
			<xmin>240</xmin>
			<xmax>311</xmax>
			<ymin>256</ymin>
			<ymax>298</ymax>
		</bndbox>
	</object>
</annotation>
