<annotation>
	<folder></folder>
	<filename>147_JPEG_jpg.rf.2d412dca0ebad0b7cc55a25cbd3bec78.jpg</filename>
	<path>147_JPEG_jpg.rf.2d412dca0ebad0b7cc55a25cbd3bec78.jpg</path>
	<source>
		<database>roboflow.ai</database>
	</source>
	<size>
		<width>3840</width>
		<height>2178</height>
		<depth>3</depth>
	</size>
	<segmented>0</segmented>
	<object>
		<name>drone</name>
		<pose>Unspecified</pose>
		<truncated>0</truncated>
		<difficult>0</difficult>
		<occluded>0</occluded>
		<bndbox>
			<xmin>1752</xmin>
			<xmax>2275</xmax>
			<ymin>678</ymin>
			<ymax>1001</ymax>
		</bndbox>
	</object>
</annotation>
