<annotation>
	<folder></folder>
	<filename>148_JPEG_jpg.rf.df366cfce515bc47caf1326ef46dea11.jpg</filename>
	<path>148_JPEG_jpg.rf.df366cfce515bc47caf1326ef46dea11.jpg</path>
	<source>
		<database>roboflow.ai</database>
	</source>
	<size>
		<width>1200</width>
		<height>630</height>
		<depth>3</depth>
	</size>
	<segmented>0</segmented>
	<object>
		<name>drone</name>
		<pose>Unspecified</pose>
		<truncated>0</truncated>
		<difficult>0</difficult>
		<occluded>0</occluded>
		<bndbox>
			<xmin>567</xmin>
			<xmax>1001</xmax>
			<ymin>97</ymin>
			<ymax>395</ymax>
		</bndbox>
	</object>
</annotation>
