<annotation>
	<folder></folder>
	<filename>150_JPEG_jpg.rf.4c299633943bf45e7a9249c4c1e22a3b.jpg</filename>
	<path>150_JPEG_jpg.rf.4c299633943bf45e7a9249c4c1e22a3b.jpg</path>
	<source>
		<database>roboflow.ai</database>
	</source>
	<size>
		<width>1280</width>
		<height>738</height>
		<depth>3</depth>
	</size>
	<segmented>0</segmented>
	<object>
		<name>drone</name>
		<pose>Unspecified</pose>
		<truncated>0</truncated>
		<difficult>0</difficult>
		<occluded>0</occluded>
		<bndbox>
			<xmin>478</xmin>
			<xmax>579</xmax>
			<ymin>216</ymin>
			<ymax>284</ymax>
		</bndbox>
	</object>
</annotation>
