<annotation>
	<folder></folder>
	<filename>151_JPEG_jpg.rf.f17b39c947b23b641b8f48d63d28b968.jpg</filename>
	<path>151_JPEG_jpg.rf.f17b39c947b23b641b8f48d63d28b968.jpg</path>
	<source>
		<database>roboflow.ai</database>
	</source>
	<size>
		<width>800</width>
		<height>600</height>
		<depth>3</depth>
	</size>
	<segmented>0</segmented>
	<object>
		<name>drone</name>
		<pose>Unspecified</pose>
		<truncated>0</truncated>
		<difficult>0</difficult>
		<occluded>0</occluded>
		<bndbox>
			<xmin>294</xmin>
			<xmax>507</xmax>
			<ymin>111</ymin>
			<ymax>241</ymax>
		</bndbox>
	</object>
</annotation>
