<annotation>
	<folder></folder>
	<filename>155_JPEG_jpg.rf.25c54f4ca306d3eecf5e9c79b0542240.jpg</filename>
	<path>155_JPEG_jpg.rf.25c54f4ca306d3eecf5e9c79b0542240.jpg</path>
	<source>
		<database>roboflow.ai</database>
	</source>
	<size>
		<width>1920</width>
		<height>1090</height>
		<depth>3</depth>
	</size>
	<segmented>0</segmented>
	<object>
		<name>drone</name>
		<pose>Unspecified</pose>
		<truncated>0</truncated>
		<difficult>0</difficult>
		<occluded>0</occluded>
		<bndbox>
			<xmin>583</xmin>
			<xmax>729</xmax>
			<ymin>67</ymin>
			<ymax>191</ymax>
		</bndbox>
	</object>
</annotation>
