<annotation>
	<folder></folder>
	<filename>156_JPEG_jpg.rf.33aeea928006988474f8a4ae8bb0bed6.jpg</filename>
	<path>156_JPEG_jpg.rf.33aeea928006988474f8a4ae8bb0bed6.jpg</path>
	<source>
		<database>roboflow.ai</database>
	</source>
	<size>
		<width>1920</width>
		<height>1090</height>
		<depth>3</depth>
	</size>
	<segmented>0</segmented>
	<object>
		<name>drone</name>
		<pose>Unspecified</pose>
		<truncated>0</truncated>
		<difficult>0</difficult>
		<occluded>0</occluded>
		<bndbox>
			<xmin>691</xmin>
			<xmax>868</xmax>
			<ymin>298</ymin>
			<ymax>388</ymax>
		</bndbox>
	</object>
</annotation>
