<annotation>
	<folder></folder>
	<filename>158_JPEG_jpg.rf.8ce986a58c61d71709b72dff12dd3db2.jpg</filename>
	<path>158_JPEG_jpg.rf.8ce986a58c61d71709b72dff12dd3db2.jpg</path>
	<source>
		<database>roboflow.ai</database>
	</source>
	<size>
		<width>600</width>
		<height>296</height>
		<depth>3</depth>
	</size>
	<segmented>0</segmented>
	<object>
		<name>drone</name>
		<pose>Unspecified</pose>
		<truncated>0</truncated>
		<difficult>0</difficult>
		<occluded>0</occluded>
		<bndbox>
			<xmin>69</xmin>
			<xmax>558</xmax>
			<ymin>51</ymin>
			<ymax>261</ymax>
		</bndbox>
	</object>
</annotation>
