<annotation>
	<folder></folder>
	<filename>166_JPEG_jpg.rf.c8e81fa610ae787ec9c6e3ef9a4d2945.jpg</filename>
	<path>166_JPEG_jpg.rf.c8e81fa610ae787ec9c6e3ef9a4d2945.jpg</path>
	<source>
		<database>roboflow.ai</database>
	</source>
	<size>
		<width>1920</width>
		<height>1090</height>
		<depth>3</depth>
	</size>
	<segmented>0</segmented>
	<object>
		<name>drone</name>
		<pose>Unspecified</pose>
		<truncated>0</truncated>
		<difficult>0</difficult>
		<occluded>0</occluded>
		<bndbox>
			<xmin>825</xmin>
			<xmax>911</xmax>
			<ymin>382</ymin>
			<ymax>445</ymax>
		</bndbox>
	</object>
</annotation>
