<annotation>
	<folder></folder>
	<filename>167_JPEG_jpg.rf.9d7eef5cadfb8efb90d6059122b4f998.jpg</filename>
	<path>167_JPEG_jpg.rf.9d7eef5cadfb8efb90d6059122b4f998.jpg</path>
	<source>
		<database>roboflow.ai</database>
	</source>
	<size>
		<width>1280</width>
		<height>738</height>
		<depth>3</depth>
	</size>
	<segmented>0</segmented>
	<object>
		<name>drone</name>
		<pose>Unspecified</pose>
		<truncated>0</truncated>
		<difficult>0</difficult>
		<occluded>0</occluded>
		<bndbox>
			<xmin>587</xmin>
			<xmax>649</xmax>
			<ymin>80</ymin>
			<ymax>136</ymax>
		</bndbox>
	</object>
</annotation>
