<annotation>
	<folder></folder>
	<filename>174_JPEG_jpg.rf.c3b57ea2508bbd43719e8e917be4f5f9.jpg</filename>
	<path>174_JPEG_jpg.rf.c3b57ea2508bbd43719e8e917be4f5f9.jpg</path>
	<source>
		<database>roboflow.ai</database>
	</source>
	<size>
		<width>1280</width>
		<height>738</height>
		<depth>3</depth>
	</size>
	<segmented>0</segmented>
	<object>
		<name>drone</name>
		<pose>Unspecified</pose>
		<truncated>0</truncated>
		<difficult>0</difficult>
		<occluded>0</occluded>
		<bndbox>
			<xmin>560</xmin>
			<xmax>620</xmax>
			<ymin>106</ymin>
			<ymax>156</ymax>
		</bndbox>
	</object>
</annotation>
