<annotation>
	<folder></folder>
	<filename>176_JPEG_jpg.rf.5890cc07abc9d936dcfcc574be49404c.jpg</filename>
	<path>176_JPEG_jpg.rf.5890cc07abc9d936dcfcc574be49404c.jpg</path>
	<source>
		<database>roboflow.ai</database>
	</source>
	<size>
		<width>960</width>
		<height>580</height>
		<depth>3</depth>
	</size>
	<segmented>0</segmented>
	<object>
		<name>drone</name>
		<pose>Unspecified</pose>
		<truncated>0</truncated>
		<difficult>0</difficult>
		<occluded>0</occluded>
		<bndbox>
			<xmin>123</xmin>
			<xmax>901</xmax>
			<ymin>155</ymin>
			<ymax>551</ymax>
		</bndbox>
	</object>
</annotation>
