<annotation>
	<folder></folder>
	<filename>182_JPEG_jpg.rf.aaf740abe0c36933ac8433b7e867b53a.jpg</filename>
	<path>182_JPEG_jpg.rf.aaf740abe0c36933ac8433b7e867b53a.jpg</path>
	<source>
		<database>roboflow.ai</database>
	</source>
	<size>
		<width>1280</width>
		<height>738</height>
		<depth>3</depth>
	</size>
	<segmented>0</segmented>
	<object>
		<name>drone</name>
		<pose>Unspecified</pose>
		<truncated>0</truncated>
		<difficult>0</difficult>
		<occluded>0</occluded>
		<bndbox>
			<xmin>660</xmin>
			<xmax>864</xmax>
			<ymin>177</ymin>
			<ymax>291</ymax>
		</bndbox>
	</object>
	<object>
		<name>drone</name>
		<pose>Unspecified</pose>
		<truncated>0</truncated>
		<difficult>0</difficult>
		<occluded>0</occluded>
		<bndbox>
			<xmin>125</xmin>
			<xmax>366</xmax>
			<ymin>113</ymin>
			<ymax>230</ymax>
		</bndbox>
	</object>
</annotation>
