<annotation>
	<folder></folder>
	<filename>185_JPEG_jpg.rf.a1e1e0f12462ddfb20a5bebed067e541.jpg</filename>
	<path>185_JPEG_jpg.rf.a1e1e0f12462ddfb20a5bebed067e541.jpg</path>
	<source>
		<database>roboflow.ai</database>
	</source>
	<size>
		<width>770</width>
		<height>578</height>
		<depth>3</depth>
	</size>
	<segmented>0</segmented>
	<object>
		<name>drone</name>
		<pose>Unspecified</pose>
		<truncated>0</truncated>
		<difficult>0</difficult>
		<occluded>0</occluded>
		<bndbox>
			<xmin>179</xmin>
			<xmax>575</xmax>
			<ymin>166</ymin>
			<ymax>386</ymax>
		</bndbox>
	</object>
</annotation>
