<annotation>
	<folder></folder>
	<filename>186_JPEG_jpg.rf.c95dd8cefb8886127e6efcdd97c11ede.jpg</filename>
	<path>186_JPEG_jpg.rf.c95dd8cefb8886127e6efcdd97c11ede.jpg</path>
	<source>
		<database>roboflow.ai</database>
	</source>
	<size>
		<width>1920</width>
		<height>1090</height>
		<depth>3</depth>
	</size>
	<segmented>0</segmented>
	<object>
		<name>drone</name>
		<pose>Unspecified</pose>
		<truncated>0</truncated>
		<difficult>0</difficult>
		<occluded>0</occluded>
		<bndbox>
			<xmin>304</xmin>
			<xmax>923</xmax>
			<ymin>121</ymin>
			<ymax>534</ymax>
		</bndbox>
	</object>
</annotation>
