<annotation>
	<folder></folder>
	<filename>188_JPEG_jpg.rf.67d98b5e6d9d38280e8c5e6924c0e01a.jpg</filename>
	<path>188_JPEG_jpg.rf.67d98b5e6d9d38280e8c5e6924c0e01a.jpg</path>
	<source>
		<database>roboflow.ai</database>
	</source>
	<size>
		<width>1920</width>
		<height>1090</height>
		<depth>3</depth>
	</size>
	<segmented>0</segmented>
	<object>
		<name>drone</name>
		<pose>Unspecified</pose>
		<truncated>0</truncated>
		<difficult>0</difficult>
		<occluded>0</occluded>
		<bndbox>
			<xmin>582</xmin>
			<xmax>744</xmax>
			<ymin>422</ymin>
			<ymax>534</ymax>
		</bndbox>
	</object>
</annotation>
