<annotation>
	<folder></folder>
	<filename>190_JPEG_jpg.rf.3283fcfe6ec009a7d9a92818bdba2885.jpg</filename>
	<path>190_JPEG_jpg.rf.3283fcfe6ec009a7d9a92818bdba2885.jpg</path>
	<source>
		<database>roboflow.ai</database>
	</source>
	<size>
		<width>1920</width>
		<height>1090</height>
		<depth>3</depth>
	</size>
	<segmented>0</segmented>
	<object>
		<name>drone</name>
		<pose>Unspecified</pose>
		<truncated>0</truncated>
		<difficult>0</difficult>
		<occluded>0</occluded>
		<bndbox>
			<xmin>311</xmin>
			<xmax>454</xmax>
			<ymin>317</ymin>
			<ymax>429</ymax>
		</bndbox>
	</object>
</annotation>
