<annotation>
	<folder></folder>
	<filename>191_JPEG_jpg.rf.4b8a5c9594b51a64480be9a0ba68b214.jpg</filename>
	<path>191_JPEG_jpg.rf.4b8a5c9594b51a64480be9a0ba68b214.jpg</path>
	<source>
		<database>roboflow.ai</database>
	</source>
	<size>
		<width>1280</width>
		<height>738</height>
		<depth>3</depth>
	</size>
	<segmented>0</segmented>
	<object>
		<name>drone</name>
		<pose>Unspecified</pose>
		<truncated>0</truncated>
		<difficult>0</difficult>
		<occluded>0</occluded>
		<bndbox>
			<xmin>218</xmin>
			<xmax>451</xmax>
			<ymin>265</ymin>
			<ymax>471</ymax>
		</bndbox>
	</object>
</annotation>
