<annotation>
	<folder></folder>
	<filename>195_JPEG_jpg.rf.918bfbafe91801c46ba0cca24c5ede38.jpg</filename>
	<path>195_JPEG_jpg.rf.918bfbafe91801c46ba0cca24c5ede38.jpg</path>
	<source>
		<database>roboflow.ai</database>
	</source>
	<size>
		<width>720</width>
		<height>480</height>
		<depth>3</depth>
	</size>
	<segmented>0</segmented>
	<object>
		<name>drone</name>
		<pose>Unspecified</pose>
		<truncated>0</truncated>
		<difficult>0</difficult>
		<occluded>0</occluded>
		<bndbox>
			<xmin>159</xmin>
			<xmax>561</xmax>
			<ymin>11</ymin>
			<ymax>315</ymax>
		</bndbox>
	</object>
</annotation>
