<annotation>
	<folder></folder>
	<filename>197_JPEG_jpg.rf.55de3d14a0dc9283e24443de7c03d047.jpg</filename>
	<path>197_JPEG_jpg.rf.55de3d14a0dc9283e24443de7c03d047.jpg</path>
	<source>
		<database>roboflow.ai</database>
	</source>
	<size>
		<width>879</width>
		<height>659</height>
		<depth>3</depth>
	</size>
	<segmented>0</segmented>
	<object>
		<name>drone</name>
		<pose>Unspecified</pose>
		<truncated>0</truncated>
		<difficult>0</difficult>
		<occluded>0</occluded>
		<bndbox>
			<xmin>626</xmin>
			<xmax>757</xmax>
			<ymin>226</ymin>
			<ymax>289</ymax>
		</bndbox>
	</object>
</annotation>
