<annotation>
	<folder></folder>
	<filename>198_JPEG_jpg.rf.fdd1da9bb025adf04dd55dea0f204371.jpg</filename>
	<path>198_JPEG_jpg.rf.fdd1da9bb025adf04dd55dea0f204371.jpg</path>
	<source>
		<database>roboflow.ai</database>
	</source>
	<size>
		<width>900</width>
		<height>506</height>
		<depth>3</depth>
	</size>
	<segmented>0</segmented>
	<object>
		<name>drone</name>
		<pose>Unspecified</pose>
		<truncated>0</truncated>
		<difficult>0</difficult>
		<occluded>0</occluded>
		<bndbox>
			<xmin>376</xmin>
			<xmax>628</xmax>
			<ymin>157</ymin>
			<ymax>308</ymax>
		</bndbox>
	</object>
</annotation>
