<annotation>
	<folder></folder>
	<filename>199_JPEG_jpg.rf.6aa8af80bb4089ec932c79b4b1e0786c.jpg</filename>
	<path>199_JPEG_jpg.rf.6aa8af80bb4089ec932c79b4b1e0786c.jpg</path>
	<source>
		<database>roboflow.ai</database>
	</source>
	<size>
		<width>1920</width>
		<height>1090</height>
		<depth>3</depth>
	</size>
	<segmented>0</segmented>
	<object>
		<name>drone</name>
		<pose>Unspecified</pose>
		<truncated>0</truncated>
		<difficult>0</difficult>
		<occluded>0</occluded>
		<bndbox>
			<xmin>446</xmin>
			<xmax>614</xmax>
			<ymin>154</ymin>
			<ymax>281</ymax>
		</bndbox>
	</object>
</annotation>
