<annotation>
	<folder></folder>
	<filename>200_JPEG_jpg.rf.2725e218d539ca3f00063f3cf9571311.jpg</filename>
	<path>200_JPEG_jpg.rf.2725e218d539ca3f00063f3cf9571311.jpg</path>
	<source>
		<database>roboflow.ai</database>
	</source>
	<size>
		<width>1920</width>
		<height>1090</height>
		<depth>3</depth>
	</size>
	<segmented>0</segmented>
	<object>
		<name>drone</name>
		<pose>Unspecified</pose>
		<truncated>0</truncated>
		<difficult>0</difficult>
		<occluded>0</occluded>
		<bndbox>
			<xmin>669</xmin>
			<xmax>777</xmax>
			<ymin>464</ymin>
			<ymax>540</ymax>
		</bndbox>
	</object>
</annotation>
