<annotation>
	<folder></folder>
	<filename>208_JPEG_jpg.rf.0acbee61a254a97f5ec42ea3930e93f1.jpg</filename>
	<path>208_JPEG_jpg.rf.0acbee61a254a97f5ec42ea3930e93f1.jpg</path>
	<source>
		<database>roboflow.ai</database>
	</source>
	<size>
		<width>1280</width>
		<height>738</height>
		<depth>3</depth>
	</size>
	<segmented>0</segmented>
	<object>
		<name>drone</name>
		<pose>Unspecified</pose>
		<truncated>0</truncated>
		<difficult>0</difficult>
		<occluded>0</occluded>
		<bndbox>
			<xmin>362</xmin>
			<xmax>526</xmax>
			<ymin>542</ymin>
			<ymax>627</ymax>
		</bndbox>
	</object>
</annotation>
