<annotation>
	<folder></folder>
	<filename>215_JPEG_jpg.rf.e59df4432698e017c14c1fe87783aa30.jpg</filename>
	<path>215_JPEG_jpg.rf.e59df4432698e017c14c1fe87783aa30.jpg</path>
	<source>
		<database>roboflow.ai</database>
	</source>
	<size>
		<width>1280</width>
		<height>738</height>
		<depth>3</depth>
	</size>
	<segmented>0</segmented>
	<object>
		<name>drone</name>
		<pose>Unspecified</pose>
		<truncated>0</truncated>
		<difficult>0</difficult>
		<occluded>0</occluded>
		<bndbox>
			<xmin>446</xmin>
			<xmax>736</xmax>
			<ymin>357</ymin>
			<ymax>524</ymax>
		</bndbox>
	</object>
</annotation>
