<annotation>
	<folder></folder>
	<filename>216_JPEG_jpg.rf.8e22be3c9d29e6cad5f62a322887bcdc.jpg</filename>
	<path>216_JPEG_jpg.rf.8e22be3c9d29e6cad5f62a322887bcdc.jpg</path>
	<source>
		<database>roboflow.ai</database>
	</source>
	<size>
		<width>720</width>
		<height>407</height>
		<depth>3</depth>
	</size>
	<segmented>0</segmented>
	<object>
		<name>drone</name>
		<pose>Unspecified</pose>
		<truncated>0</truncated>
		<difficult>0</difficult>
		<occluded>0</occluded>
		<bndbox>
			<xmin>117</xmin>
			<xmax>546</xmax>
			<ymin>58</ymin>
			<ymax>324</ymax>
		</bndbox>
	</object>
</annotation>
