<annotation>
	<folder></folder>
	<filename>218_JPEG_jpg.rf.611660ee4aa6e8430e60720c42ded18c.jpg</filename>
	<path>218_JPEG_jpg.rf.611660ee4aa6e8430e60720c42ded18c.jpg</path>
	<source>
		<database>roboflow.ai</database>
	</source>
	<size>
		<width>1920</width>
		<height>1090</height>
		<depth>3</depth>
	</size>
	<segmented>0</segmented>
	<object>
		<name>drone</name>
		<pose>Unspecified</pose>
		<truncated>0</truncated>
		<difficult>0</difficult>
		<occluded>0</occluded>
		<bndbox>
			<xmin>602</xmin>
			<xmax>679</xmax>
			<ymin>139</ymin>
			<ymax>191</ymax>
		</bndbox>
	</object>
</annotation>
