<annotation>
	<folder></folder>
	<filename>220_JPEG_jpg.rf.596a961df8c211cb78eda36599ddc805.jpg</filename>
	<path>220_JPEG_jpg.rf.596a961df8c211cb78eda36599ddc805.jpg</path>
	<source>
		<database>roboflow.ai</database>
	</source>
	<size>
		<width>800</width>
		<height>533</height>
		<depth>3</depth>
	</size>
	<segmented>0</segmented>
	<object>
		<name>drone</name>
		<pose>Unspecified</pose>
		<truncated>0</truncated>
		<difficult>0</difficult>
		<occluded>0</occluded>
		<bndbox>
			<xmin>251</xmin>
			<xmax>611</xmax>
			<ymin>229</ymin>
			<ymax>383</ymax>
		</bndbox>
	</object>
</annotation>
