<annotation>
	<folder></folder>
	<filename>221_JPEG_jpg.rf.aadf87b28a52bb4948a1d5992a5cc00f.jpg</filename>
	<path>221_JPEG_jpg.rf.aadf87b28a52bb4948a1d5992a5cc00f.jpg</path>
	<source>
		<database>roboflow.ai</database>
	</source>
	<size>
		<width>1280</width>
		<height>738</height>
		<depth>3</depth>
	</size>
	<segmented>0</segmented>
	<object>
		<name>drone</name>
		<pose>Unspecified</pose>
		<truncated>0</truncated>
		<difficult>0</difficult>
		<occluded>0</occluded>
		<bndbox>
			<xmin>315</xmin>
			<xmax>526</xmax>
			<ymin>79</ymin>
			<ymax>190</ymax>
		</bndbox>
	</object>
	<object>
		<name>drone</name>
		<pose>Unspecified</pose>
		<truncated>0</truncated>
		<difficult>0</difficult>
		<occluded>0</occluded>
		<bndbox>
			<xmin>621</xmin>
			<xmax>824</xmax>
			<ymin>209</ymin>
			<ymax>316</ymax>
		</bndbox>
	</object>
</annotation>
