<annotation>
	<folder></folder>
	<filename>223_JPEG_jpg.rf.cb3ff0d6a934644f5b0df189d1451b8a.jpg</filename>
	<path>223_JPEG_jpg.rf.cb3ff0d6a934644f5b0df189d1451b8a.jpg</path>
	<source>
		<database>roboflow.ai</database>
	</source>
	<size>
		<width>1920</width>
		<height>1090</height>
		<depth>3</depth>
	</size>
	<segmented>0</segmented>
	<object>
		<name>drone</name>
		<pose>Unspecified</pose>
		<truncated>0</truncated>
		<difficult>0</difficult>
		<occluded>0</occluded>
		<bndbox>
			<xmin>825</xmin>
			<xmax>936</xmax>
			<ymin>460</ymin>
			<ymax>546</ymax>
		</bndbox>
	</object>
</annotation>
