<annotation>
	<folder></folder>
	<filename>225_JPEG_jpg.rf.eba48f3fe912de53e729f0381c4f246b.jpg</filename>
	<path>225_JPEG_jpg.rf.eba48f3fe912de53e729f0381c4f246b.jpg</path>
	<source>
		<database>roboflow.ai</database>
	</source>
	<size>
		<width>1280</width>
		<height>738</height>
		<depth>3</depth>
	</size>
	<segmented>0</segmented>
	<object>
		<name>drone</name>
		<pose>Unspecified</pose>
		<truncated>0</truncated>
		<difficult>0</difficult>
		<occluded>0</occluded>
		<bndbox>
			<xmin>6</xmin>
			<xmax>349</xmax>
			<ymin>294</ymin>
			<ymax>431</ymax>
		</bndbox>
	</object>
</annotation>
