<annotation>
	<folder></folder>
	<filename>227_JPEG_jpg.rf.bea5bf025b483f2d3c9383316636463d.jpg</filename>
	<path>227_JPEG_jpg.rf.bea5bf025b483f2d3c9383316636463d.jpg</path>
	<source>
		<database>roboflow.ai</database>
	</source>
	<size>
		<width>1920</width>
		<height>1090</height>
		<depth>3</depth>
	</size>
	<segmented>0</segmented>
	<object>
		<name>drone</name>
		<pose>Unspecified</pose>
		<truncated>0</truncated>
		<difficult>0</difficult>
		<occluded>0</occluded>
		<bndbox>
			<xmin>626</xmin>
			<xmax>754</xmax>
			<ymin>217</ymin>
			<ymax>320</ymax>
		</bndbox>
	</object>
</annotation>
