<annotation>
	<folder></folder>
	<filename>228_JPEG_jpg.rf.cf54295c035e3bacc0a5019ad76cd0b3.jpg</filename>
	<path>228_JPEG_jpg.rf.cf54295c035e3bacc0a5019ad76cd0b3.jpg</path>
	<source>
		<database>roboflow.ai</database>
	</source>
	<size>
		<width>1920</width>
		<height>1090</height>
		<depth>3</depth>
	</size>
	<segmented>0</segmented>
	<object>
		<name>drone</name>
		<pose>Unspecified</pose>
		<truncated>0</truncated>
		<difficult>0</difficult>
		<occluded>0</occluded>
		<bndbox>
			<xmin>612</xmin>
			<xmax>836</xmax>
			<ymin>475</ymin>
			<ymax>575</ymax>
		</bndbox>
	</object>
</annotation>
