<annotation>
	<folder></folder>
	<filename>231_JPEG_jpg.rf.b24e3077b0180cae52e7020b76e5ad6f.jpg</filename>
	<path>231_JPEG_jpg.rf.b24e3077b0180cae52e7020b76e5ad6f.jpg</path>
	<source>
		<database>roboflow.ai</database>
	</source>
	<size>
		<width>1920</width>
		<height>1090</height>
		<depth>3</depth>
	</size>
	<segmented>0</segmented>
	<object>
		<name>drone</name>
		<pose>Unspecified</pose>
		<truncated>0</truncated>
		<difficult>0</difficult>
		<occluded>0</occluded>
		<bndbox>
			<xmin>419</xmin>
			<xmax>492</xmax>
			<ymin>129</ymin>
			<ymax>189</ymax>
		</bndbox>
	</object>
</annotation>
