<annotation>
	<folder></folder>
	<filename>232_JPEG_jpg.rf.558a4ab9d93b9423051bf0e7dad26fec.jpg</filename>
	<path>232_JPEG_jpg.rf.558a4ab9d93b9423051bf0e7dad26fec.jpg</path>
	<source>
		<database>roboflow.ai</database>
	</source>
	<size>
		<width>1920</width>
		<height>1090</height>
		<depth>3</depth>
	</size>
	<segmented>0</segmented>
	<object>
		<name>drone</name>
		<pose>Unspecified</pose>
		<truncated>0</truncated>
		<difficult>0</difficult>
		<occluded>0</occluded>
		<bndbox>
			<xmin>1102</xmin>
			<xmax>1276</xmax>
			<ymin>847</ymin>
			<ymax>1008</ymax>
		</bndbox>
	</object>
</annotation>
