<annotation>
	<folder></folder>
	<filename>238_JPEG_jpg.rf.bbd5c00496b39d052e3b514fdbbaf533.jpg</filename>
	<path>238_JPEG_jpg.rf.bbd5c00496b39d052e3b514fdbbaf533.jpg</path>
	<source>
		<database>roboflow.ai</database>
	</source>
	<size>
		<width>900</width>
		<height>600</height>
		<depth>3</depth>
	</size>
	<segmented>0</segmented>
	<object>
		<name>drone</name>
		<pose>Unspecified</pose>
		<truncated>0</truncated>
		<difficult>0</difficult>
		<occluded>0</occluded>
		<bndbox>
			<xmin>452</xmin>
			<xmax>595</xmax>
			<ymin>222</ymin>
			<ymax>369</ymax>
		</bndbox>
	</object>
</annotation>
