<annotation>
	<folder></folder>
	<filename>23_JPEG_jpg.rf.6d8ceece4428d6052cb87eb8de784663.jpg</filename>
	<path>23_JPEG_jpg.rf.6d8ceece4428d6052cb87eb8de784663.jpg</path>
	<source>
		<database>roboflow.ai</database>
	</source>
	<size>
		<width>640</width>
		<height>538</height>
		<depth>3</depth>
	</size>
	<segmented>0</segmented>
	<object>
		<name>drone</name>
		<pose>Unspecified</pose>
		<truncated>0</truncated>
		<difficult>0</difficult>
		<occluded>0</occluded>
		<bndbox>
			<xmin>23</xmin>
			<xmax>637</xmax>
			<ymin>199</ymin>
			<ymax>457</ymax>
		</bndbox>
	</object>
</annotation>
