<annotation>
	<folder></folder>
	<filename>240_JPEG_jpg.rf.751e489a68c78c6b4ea8de0b93427a5b.jpg</filename>
	<path>240_JPEG_jpg.rf.751e489a68c78c6b4ea8de0b93427a5b.jpg</path>
	<source>
		<database>roboflow.ai</database>
	</source>
	<size>
		<width>1280</width>
		<height>738</height>
		<depth>3</depth>
	</size>
	<segmented>0</segmented>
	<object>
		<name>drone</name>
		<pose>Unspecified</pose>
		<truncated>0</truncated>
		<difficult>0</difficult>
		<occluded>0</occluded>
		<bndbox>
			<xmin>576</xmin>
			<xmax>648</xmax>
			<ymin>84</ymin>
			<ymax>150</ymax>
		</bndbox>
	</object>
</annotation>
