<annotation>
	<folder></folder>
	<filename>241_JPEG_jpg.rf.7f084fe05df9bb125f7e77e8387d39a2.jpg</filename>
	<path>241_JPEG_jpg.rf.7f084fe05df9bb125f7e77e8387d39a2.jpg</path>
	<source>
		<database>roboflow.ai</database>
	</source>
	<size>
		<width>640</width>
		<height>360</height>
		<depth>3</depth>
	</size>
	<segmented>0</segmented>
	<object>
		<name>drone</name>
		<pose>Unspecified</pose>
		<truncated>0</truncated>
		<difficult>0</difficult>
		<occluded>0</occluded>
		<bndbox>
			<xmin>153</xmin>
			<xmax>636</xmax>
			<ymin>159</ymin>
			<ymax>353</ymax>
		</bndbox>
	</object>
</annotation>
