<annotation>
	<folder></folder>
	<filename>242_JPEG_jpg.rf.931695d0437c076200f1384558804b9f.jpg</filename>
	<path>242_JPEG_jpg.rf.931695d0437c076200f1384558804b9f.jpg</path>
	<source>
		<database>roboflow.ai</database>
	</source>
	<size>
		<width>1920</width>
		<height>1090</height>
		<depth>3</depth>
	</size>
	<segmented>0</segmented>
	<object>
		<name>drone</name>
		<pose>Unspecified</pose>
		<truncated>0</truncated>
		<difficult>0</difficult>
		<occluded>0</occluded>
		<bndbox>
			<xmin>394</xmin>
			<xmax>844</xmax>
			<ymin>437</ymin>
			<ymax>624</ymax>
		</bndbox>
	</object>
</annotation>
