<annotation>
	<folder></folder>
	<filename>243_JPEG_jpg.rf.70e5bfc428ea733d00441793abab4a3b.jpg</filename>
	<path>243_JPEG_jpg.rf.70e5bfc428ea733d00441793abab4a3b.jpg</path>
	<source>
		<database>roboflow.ai</database>
	</source>
	<size>
		<width>1920</width>
		<height>1090</height>
		<depth>3</depth>
	</size>
	<segmented>0</segmented>
	<object>
		<name>drone</name>
		<pose>Unspecified</pose>
		<truncated>0</truncated>
		<difficult>0</difficult>
		<occluded>0</occluded>
		<bndbox>
			<xmin>659</xmin>
			<xmax>881</xmax>
			<ymin>354</ymin>
			<ymax>508</ymax>
		</bndbox>
	</object>
</annotation>
