<annotation>
	<folder></folder>
	<filename>246_JPEG_jpg.rf.ca636b89a84142bfd8bdc615d23057ff.jpg</filename>
	<path>246_JPEG_jpg.rf.ca636b89a84142bfd8bdc615d23057ff.jpg</path>
	<source>
		<database>roboflow.ai</database>
	</source>
	<size>
		<width>1920</width>
		<height>1090</height>
		<depth>3</depth>
	</size>
	<segmented>0</segmented>
	<object>
		<name>drone</name>
		<pose>Unspecified</pose>
		<truncated>0</truncated>
		<difficult>0</difficult>
		<occluded>0</occluded>
		<bndbox>
			<xmin>554</xmin>
			<xmax>625</xmax>
			<ymin>169</ymin>
			<ymax>218</ymax>
		</bndbox>
	</object>
</annotation>
