<annotation>
	<folder></folder>
	<filename>250_JPEG_jpg.rf.d6636b2622df2e5c5b6fd3c203e412cd.jpg</filename>
	<path>250_JPEG_jpg.rf.d6636b2622df2e5c5b6fd3c203e412cd.jpg</path>
	<source>
		<database>roboflow.ai</database>
	</source>
	<size>
		<width>1920</width>
		<height>1090</height>
		<depth>3</depth>
	</size>
	<segmented>0</segmented>
	<object>
		<name>drone</name>
		<pose>Unspecified</pose>
		<truncated>0</truncated>
		<difficult>0</difficult>
		<occluded>0</occluded>
		<bndbox>
			<xmin>589</xmin>
			<xmax>1530</xmax>
			<ymin>248</ymin>
			<ymax>821</ymax>
		</bndbox>
	</object>
</annotation>
