<annotation>
	<folder></folder>
	<filename>255_JPEG_jpg.rf.d5186c5644862fa575246d0029c9be9c.jpg</filename>
	<path>255_JPEG_jpg.rf.d5186c5644862fa575246d0029c9be9c.jpg</path>
	<source>
		<database>roboflow.ai</database>
	</source>
	<size>
		<width>950</width>
		<height>534</height>
		<depth>3</depth>
	</size>
	<segmented>0</segmented>
	<object>
		<name>drone</name>
		<pose>Unspecified</pose>
		<truncated>0</truncated>
		<difficult>0</difficult>
		<occluded>0</occluded>
		<bndbox>
			<xmin>227</xmin>
			<xmax>646</xmax>
			<ymin>158</ymin>
			<ymax>382</ymax>
		</bndbox>
	</object>
</annotation>
