<annotation>
	<folder></folder>
	<filename>25_JPEG_jpg.rf.788c40d62d509a33132a2e4071cc3733.jpg</filename>
	<path>25_JPEG_jpg.rf.788c40d62d509a33132a2e4071cc3733.jpg</path>
	<source>
		<database>roboflow.ai</database>
	</source>
	<size>
		<width>800</width>
		<height>440</height>
		<depth>3</depth>
	</size>
	<segmented>0</segmented>
	<object>
		<name>drone</name>
		<pose>Unspecified</pose>
		<truncated>0</truncated>
		<difficult>0</difficult>
		<occluded>0</occluded>
		<bndbox>
			<xmin>235</xmin>
			<xmax>701</xmax>
			<ymin>86</ymin>
			<ymax>292</ymax>
		</bndbox>
	</object>
</annotation>
