<annotation>
	<folder></folder>
	<filename>262_JPEG_jpg.rf.0613f78d8e9f8d02e04b06b1961e5050.jpg</filename>
	<path>262_JPEG_jpg.rf.0613f78d8e9f8d02e04b06b1961e5050.jpg</path>
	<source>
		<database>roboflow.ai</database>
	</source>
	<size>
		<width>1920</width>
		<height>1090</height>
		<depth>3</depth>
	</size>
	<segmented>0</segmented>
	<object>
		<name>drone</name>
		<pose>Unspecified</pose>
		<truncated>0</truncated>
		<difficult>0</difficult>
		<occluded>0</occluded>
		<bndbox>
			<xmin>716</xmin>
			<xmax>980</xmax>
			<ymin>326</ymin>
			<ymax>490</ymax>
		</bndbox>
	</object>
</annotation>
