<annotation>
	<folder></folder>
	<filename>263_JPEG_jpg.rf.b2df7e3ba62cb5c9ca8b5313000be887.jpg</filename>
	<path>263_JPEG_jpg.rf.b2df7e3ba62cb5c9ca8b5313000be887.jpg</path>
	<source>
		<database>roboflow.ai</database>
	</source>
	<size>
		<width>1280</width>
		<height>720</height>
		<depth>3</depth>
	</size>
	<segmented>0</segmented>
	<object>
		<name>drone</name>
		<pose>Unspecified</pose>
		<truncated>0</truncated>
		<difficult>0</difficult>
		<occluded>0</occluded>
		<bndbox>
			<xmin>90</xmin>
			<xmax>1234</xmax>
			<ymin>112</ymin>
			<ymax>581</ymax>
		</bndbox>
	</object>
</annotation>
