<annotation>
	<folder></folder>
	<filename>264_JPEG_jpg.rf.13c836c6d96541b8e116183784ef31e7.jpg</filename>
	<path>264_JPEG_jpg.rf.13c836c6d96541b8e116183784ef31e7.jpg</path>
	<source>
		<database>roboflow.ai</database>
	</source>
	<size>
		<width>389</width>
		<height>523</height>
		<depth>3</depth>
	</size>
	<segmented>0</segmented>
	<object>
		<name>drone</name>
		<pose>Unspecified</pose>
		<truncated>0</truncated>
		<difficult>0</difficult>
		<occluded>0</occluded>
		<bndbox>
			<xmin>173</xmin>
			<xmax>240</xmax>
			<ymin>110</ymin>
			<ymax>154</ymax>
		</bndbox>
	</object>
</annotation>
