<annotation>
	<folder></folder>
	<filename>266_JPEG_jpg.rf.ec7a8e103c523880d31eb6ea5a3b7555.jpg</filename>
	<path>266_JPEG_jpg.rf.ec7a8e103c523880d31eb6ea5a3b7555.jpg</path>
	<source>
		<database>roboflow.ai</database>
	</source>
	<size>
		<width>1280</width>
		<height>738</height>
		<depth>3</depth>
	</size>
	<segmented>0</segmented>
	<object>
		<name>drone</name>
		<pose>Unspecified</pose>
		<truncated>0</truncated>
		<difficult>0</difficult>
		<occluded>0</occluded>
		<bndbox>
			<xmin>742</xmin>
			<xmax>881</xmax>
			<ymin>339</ymin>
			<ymax>430</ymax>
		</bndbox>
	</object>
</annotation>
