<annotation>
	<folder></folder>
	<filename>267_JPEG_jpg.rf.b1a8abf985088973bfca28ce1b044f49.jpg</filename>
	<path>267_JPEG_jpg.rf.b1a8abf985088973bfca28ce1b044f49.jpg</path>
	<source>
		<database>roboflow.ai</database>
	</source>
	<size>
		<width>1920</width>
		<height>1090</height>
		<depth>3</depth>
	</size>
	<segmented>0</segmented>
	<object>
		<name>drone</name>
		<pose>Unspecified</pose>
		<truncated>0</truncated>
		<difficult>0</difficult>
		<occluded>0</occluded>
		<bndbox>
			<xmin>760</xmin>
			<xmax>873</xmax>
			<ymin>338</ymin>
			<ymax>410</ymax>
		</bndbox>
	</object>
</annotation>
