<annotation>
	<folder></folder>
	<filename>268_JPEG_jpg.rf.02ea4490b95e773c1cb86755c005ea1f.jpg</filename>
	<path>268_JPEG_jpg.rf.02ea4490b95e773c1cb86755c005ea1f.jpg</path>
	<source>
		<database>roboflow.ai</database>
	</source>
	<size>
		<width>636</width>
		<height>358</height>
		<depth>3</depth>
	</size>
	<segmented>0</segmented>
	<object>
		<name>drone</name>
		<pose>Unspecified</pose>
		<truncated>0</truncated>
		<difficult>0</difficult>
		<occluded>0</occluded>
		<bndbox>
			<xmin>132</xmin>
			<xmax>469</xmax>
			<ymin>12</ymin>
			<ymax>308</ymax>
		</bndbox>
	</object>
</annotation>
