<annotation>
	<folder></folder>
	<filename>273_JPEG_jpg.rf.4323fbd20c9ba8ba972c6ef80f2f3699.jpg</filename>
	<path>273_JPEG_jpg.rf.4323fbd20c9ba8ba972c6ef80f2f3699.jpg</path>
	<source>
		<database>roboflow.ai</database>
	</source>
	<size>
		<width>1200</width>
		<height>675</height>
		<depth>3</depth>
	</size>
	<segmented>0</segmented>
	<object>
		<name>drone</name>
		<pose>Unspecified</pose>
		<truncated>0</truncated>
		<difficult>0</difficult>
		<occluded>0</occluded>
		<bndbox>
			<xmin>28</xmin>
			<xmax>1191</xmax>
			<ymin>112</ymin>
			<ymax>535</ymax>
		</bndbox>
	</object>
</annotation>
