<annotation>
	<folder></folder>
	<filename>276_JPEG_jpg.rf.d08c465cbad07dbd4b3dafb94da5b167.jpg</filename>
	<path>276_JPEG_jpg.rf.d08c465cbad07dbd4b3dafb94da5b167.jpg</path>
	<source>
		<database>roboflow.ai</database>
	</source>
	<size>
		<width>1280</width>
		<height>738</height>
		<depth>3</depth>
	</size>
	<segmented>0</segmented>
	<object>
		<name>drone</name>
		<pose>Unspecified</pose>
		<truncated>0</truncated>
		<difficult>0</difficult>
		<occluded>0</occluded>
		<bndbox>
			<xmin>477</xmin>
			<xmax>561</xmax>
			<ymin>213</ymin>
			<ymax>286</ymax>
		</bndbox>
	</object>
</annotation>
