<annotation>
	<folder></folder>
	<filename>279_JPEG_jpg.rf.eedf6d21212b87d07acd730751b9066a.jpg</filename>
	<path>279_JPEG_jpg.rf.eedf6d21212b87d07acd730751b9066a.jpg</path>
	<source>
		<database>roboflow.ai</database>
	</source>
	<size>
		<width>1280</width>
		<height>738</height>
		<depth>3</depth>
	</size>
	<segmented>0</segmented>
	<object>
		<name>drone</name>
		<pose>Unspecified</pose>
		<truncated>0</truncated>
		<difficult>0</difficult>
		<occluded>0</occluded>
		<bndbox>
			<xmin>80</xmin>
			<xmax>607</xmax>
			<ymin>170</ymin>
			<ymax>493</ymax>
		</bndbox>
	</object>
</annotation>
