<annotation>
	<folder></folder>
	<filename>280_JPEG_jpg.rf.01ccea10e8f5442002fc2cfb682a8c53.jpg</filename>
	<path>280_JPEG_jpg.rf.01ccea10e8f5442002fc2cfb682a8c53.jpg</path>
	<source>
		<database>roboflow.ai</database>
	</source>
	<size>
		<width>1024</width>
		<height>576</height>
		<depth>3</depth>
	</size>
	<segmented>0</segmented>
	<object>
		<name>drone</name>
		<pose>Unspecified</pose>
		<truncated>0</truncated>
		<difficult>0</difficult>
		<occluded>0</occluded>
		<bndbox>
			<xmin>148</xmin>
			<xmax>663</xmax>
			<ymin>33</ymin>
			<ymax>443</ymax>
		</bndbox>
	</object>
</annotation>
