<annotation>
	<folder></folder>
	<filename>284_JPEG_jpg.rf.d8b54089ca172704b1594c42635b37dc.jpg</filename>
	<path>284_JPEG_jpg.rf.d8b54089ca172704b1594c42635b37dc.jpg</path>
	<source>
		<database>roboflow.ai</database>
	</source>
	<size>
		<width>1280</width>
		<height>720</height>
		<depth>3</depth>
	</size>
	<segmented>0</segmented>
	<object>
		<name>drone</name>
		<pose>Unspecified</pose>
		<truncated>0</truncated>
		<difficult>0</difficult>
		<occluded>0</occluded>
		<bndbox>
			<xmin>353</xmin>
			<xmax>578</xmax>
			<ymin>83</ymin>
			<ymax>189</ymax>
		</bndbox>
	</object>
</annotation>
