<annotation>
	<folder></folder>
	<filename>286_JPEG_jpg.rf.8613a832888f15691be12fcdfbc5abc9.jpg</filename>
	<path>286_JPEG_jpg.rf.8613a832888f15691be12fcdfbc5abc9.jpg</path>
	<source>
		<database>roboflow.ai</database>
	</source>
	<size>
		<width>640</width>
		<height>370</height>
		<depth>3</depth>
	</size>
	<segmented>0</segmented>
	<object>
		<name>drone</name>
		<pose>Unspecified</pose>
		<truncated>0</truncated>
		<difficult>0</difficult>
		<occluded>0</occluded>
		<bndbox>
			<xmin>1</xmin>
			<xmax>639</xmax>
			<ymin>36</ymin>
			<ymax>361</ymax>
		</bndbox>
	</object>
</annotation>
