<annotation>
	<folder></folder>
	<filename>28_JPEG_jpg.rf.cdc0f35cb9ad9ffa8745d150421c658a.jpg</filename>
	<path>28_JPEG_jpg.rf.cdc0f35cb9ad9ffa8745d150421c658a.jpg</path>
	<source>
		<database>roboflow.ai</database>
	</source>
	<size>
		<width>970</width>
		<height>548</height>
		<depth>3</depth>
	</size>
	<segmented>0</segmented>
	<object>
		<name>drone</name>
		<pose>Unspecified</pose>
		<truncated>0</truncated>
		<difficult>0</difficult>
		<occluded>0</occluded>
		<bndbox>
			<xmin>397</xmin>
			<xmax>691</xmax>
			<ymin>62</ymin>
			<ymax>267</ymax>
		</bndbox>
	</object>
</annotation>
