<annotation>
	<folder></folder>
	<filename>293_JPEG_jpg.rf.18cb72ad7bceac8772ce428411519350.jpg</filename>
	<path>293_JPEG_jpg.rf.18cb72ad7bceac8772ce428411519350.jpg</path>
	<source>
		<database>roboflow.ai</database>
	</source>
	<size>
		<width>750</width>
		<height>500</height>
		<depth>3</depth>
	</size>
	<segmented>0</segmented>
	<object>
		<name>drone</name>
		<pose>Unspecified</pose>
		<truncated>0</truncated>
		<difficult>0</difficult>
		<occluded>0</occluded>
		<bndbox>
			<xmin>295</xmin>
			<xmax>437</xmax>
			<ymin>399</ymin>
			<ymax>469</ymax>
		</bndbox>
	</object>
</annotation>
