<annotation>
	<folder></folder>
	<filename>295_JPEG_jpg.rf.5f68dc6685024d69420d6933a7aab569.jpg</filename>
	<path>295_JPEG_jpg.rf.5f68dc6685024d69420d6933a7aab569.jpg</path>
	<source>
		<database>roboflow.ai</database>
	</source>
	<size>
		<width>1920</width>
		<height>1090</height>
		<depth>3</depth>
	</size>
	<segmented>0</segmented>
	<object>
		<name>drone</name>
		<pose>Unspecified</pose>
		<truncated>0</truncated>
		<difficult>0</difficult>
		<occluded>0</occluded>
		<bndbox>
			<xmin>201</xmin>
			<xmax>280</xmax>
			<ymin>113</ymin>
			<ymax>168</ymax>
		</bndbox>
	</object>
</annotation>
