<annotation>
	<folder></folder>
	<filename>298_JPEG_jpg.rf.4c2bd3c7075f69c6dba3467a8bfa7798.jpg</filename>
	<path>298_JPEG_jpg.rf.4c2bd3c7075f69c6dba3467a8bfa7798.jpg</path>
	<source>
		<database>roboflow.ai</database>
	</source>
	<size>
		<width>770</width>
		<height>433</height>
		<depth>3</depth>
	</size>
	<segmented>0</segmented>
	<object>
		<name>drone</name>
		<pose>Unspecified</pose>
		<truncated>0</truncated>
		<difficult>0</difficult>
		<occluded>0</occluded>
		<bndbox>
			<xmin>90</xmin>
			<xmax>672</xmax>
			<ymin>57</ymin>
			<ymax>423</ymax>
		</bndbox>
	</object>
</annotation>
