<annotation>
	<folder></folder>
	<filename>299_JPEG_jpg.rf.84c027933e6a5f64a0cecd40470cc0e7.jpg</filename>
	<path>299_JPEG_jpg.rf.84c027933e6a5f64a0cecd40470cc0e7.jpg</path>
	<source>
		<database>roboflow.ai</database>
	</source>
	<size>
		<width>640</width>
		<height>360</height>
		<depth>3</depth>
	</size>
	<segmented>0</segmented>
	<object>
		<name>drone</name>
		<pose>Unspecified</pose>
		<truncated>0</truncated>
		<difficult>0</difficult>
		<occluded>0</occluded>
		<bndbox>
			<xmin>239</xmin>
			<xmax>442</xmax>
			<ymin>57</ymin>
			<ymax>242</ymax>
		</bndbox>
	</object>
</annotation>
