<annotation>
	<folder></folder>
	<filename>29_JPEG_jpg.rf.02dac3637396658bbb827b18ce4e8b4d.jpg</filename>
	<path>29_JPEG_jpg.rf.02dac3637396658bbb827b18ce4e8b4d.jpg</path>
	<source>
		<database>roboflow.ai</database>
	</source>
	<size>
		<width>1280</width>
		<height>738</height>
		<depth>3</depth>
	</size>
	<segmented>0</segmented>
	<object>
		<name>drone</name>
		<pose>Unspecified</pose>
		<truncated>0</truncated>
		<difficult>0</difficult>
		<occluded>0</occluded>
		<bndbox>
			<xmin>197</xmin>
			<xmax>431</xmax>
			<ymin>143</ymin>
			<ymax>263</ymax>
		</bndbox>
	</object>
	<object>
		<name>drone</name>
		<pose>Unspecified</pose>
		<truncated>0</truncated>
		<difficult>0</difficult>
		<occluded>0</occluded>
		<bndbox>
			<xmin>643</xmin>
			<xmax>827</xmax>
			<ymin>60</ymin>
			<ymax>170</ymax>
		</bndbox>
	</object>
</annotation>
