<annotation>
	<folder></folder>
	<filename>2_JPEG_jpg.rf.8df78aae05d7395969284083213e17d1.jpg</filename>
	<path>2_JPEG_jpg.rf.8df78aae05d7395969284083213e17d1.jpg</path>
	<source>
		<database>roboflow.ai</database>
	</source>
	<size>
		<width>1920</width>
		<height>1090</height>
		<depth>3</depth>
	</size>
	<segmented>0</segmented>
	<object>
		<name>drone</name>
		<pose>Unspecified</pose>
		<truncated>0</truncated>
		<difficult>0</difficult>
		<occluded>0</occluded>
		<bndbox>
			<xmin>556</xmin>
			<xmax>699</xmax>
			<ymin>145</ymin>
			<ymax>260</ymax>
		</bndbox>
	</object>
</annotation>
