<annotation>
	<folder></folder>
	<filename>304_JPEG_jpg.rf.27ce6d64ab9b92ffd3f9d437d1e15f69.jpg</filename>
	<path>304_JPEG_jpg.rf.27ce6d64ab9b92ffd3f9d437d1e15f69.jpg</path>
	<source>
		<database>roboflow.ai</database>
	</source>
	<size>
		<width>1200</width>
		<height>673</height>
		<depth>3</depth>
	</size>
	<segmented>0</segmented>
	<object>
		<name>drone</name>
		<pose>Unspecified</pose>
		<truncated>0</truncated>
		<difficult>0</difficult>
		<occluded>0</occluded>
		<bndbox>
			<xmin>330</xmin>
			<xmax>880</xmax>
			<ymin>33</ymin>
			<ymax>632</ymax>
		</bndbox>
	</object>
</annotation>
