<annotation>
	<folder></folder>
	<filename>316_JPEG_jpg.rf.6386ef6299458f05fac7aa899b56c6e8.jpg</filename>
	<path>316_JPEG_jpg.rf.6386ef6299458f05fac7aa899b56c6e8.jpg</path>
	<source>
		<database>roboflow.ai</database>
	</source>
	<size>
		<width>800</width>
		<height>500</height>
		<depth>3</depth>
	</size>
	<segmented>0</segmented>
	<object>
		<name>drone</name>
		<pose>Unspecified</pose>
		<truncated>0</truncated>
		<difficult>0</difficult>
		<occluded>0</occluded>
		<bndbox>
			<xmin>69</xmin>
			<xmax>752</xmax>
			<ymin>162</ymin>
			<ymax>429</ymax>
		</bndbox>
	</object>
</annotation>
