<annotation>
	<folder></folder>
	<filename>318_JPEG_jpg.rf.348c48fe66687c12ab8caed07ad41b9f.jpg</filename>
	<path>318_JPEG_jpg.rf.348c48fe66687c12ab8caed07ad41b9f.jpg</path>
	<source>
		<database>roboflow.ai</database>
	</source>
	<size>
		<width>1280</width>
		<height>738</height>
		<depth>3</depth>
	</size>
	<segmented>0</segmented>
	<object>
		<name>drone</name>
		<pose>Unspecified</pose>
		<truncated>0</truncated>
		<difficult>0</difficult>
		<occluded>0</occluded>
		<bndbox>
			<xmin>311</xmin>
			<xmax>411</xmax>
			<ymin>128</ymin>
			<ymax>184</ymax>
		</bndbox>
	</object>
</annotation>
