<annotation>
	<folder></folder>
	<filename>319_JPEG_jpg.rf.b6b0e8e590f0f38da7c7c0b51c713e6c.jpg</filename>
	<path>319_JPEG_jpg.rf.b6b0e8e590f0f38da7c7c0b51c713e6c.jpg</path>
	<source>
		<database>roboflow.ai</database>
	</source>
	<size>
		<width>1280</width>
		<height>738</height>
		<depth>3</depth>
	</size>
	<segmented>0</segmented>
	<object>
		<name>drone</name>
		<pose>Unspecified</pose>
		<truncated>0</truncated>
		<difficult>0</difficult>
		<occluded>0</occluded>
		<bndbox>
			<xmin>295</xmin>
			<xmax>397</xmax>
			<ymin>130</ymin>
			<ymax>188</ymax>
		</bndbox>
	</object>
</annotation>
