<annotation>
	<folder></folder>
	<filename>31_JPEG_jpg.rf.d2107f30eace3abf7f3b553fe6e2d3b1.jpg</filename>
	<path>31_JPEG_jpg.rf.d2107f30eace3abf7f3b553fe6e2d3b1.jpg</path>
	<source>
		<database>roboflow.ai</database>
	</source>
	<size>
		<width>1920</width>
		<height>1090</height>
		<depth>3</depth>
	</size>
	<segmented>0</segmented>
	<object>
		<name>drone</name>
		<pose>Unspecified</pose>
		<truncated>0</truncated>
		<difficult>0</difficult>
		<occluded>0</occluded>
		<bndbox>
			<xmin>759</xmin>
			<xmax>890</xmax>
			<ymin>442</ymin>
			<ymax>535</ymax>
		</bndbox>
	</object>
</annotation>
