<annotation>
	<folder></folder>
	<filename>322_JPEG_jpg.rf.fd74181ca3aa07aebc68339b5c65d253.jpg</filename>
	<path>322_JPEG_jpg.rf.fd74181ca3aa07aebc68339b5c65d253.jpg</path>
	<source>
		<database>roboflow.ai</database>
	</source>
	<size>
		<width>960</width>
		<height>549</height>
		<depth>3</depth>
	</size>
	<segmented>0</segmented>
	<object>
		<name>drone</name>
		<pose>Unspecified</pose>
		<truncated>0</truncated>
		<difficult>0</difficult>
		<occluded>0</occluded>
		<bndbox>
			<xmin>274</xmin>
			<xmax>675</xmax>
			<ymin>149</ymin>
			<ymax>375</ymax>
		</bndbox>
	</object>
</annotation>
