<annotation>
	<folder></folder>
	<filename>327_JPEG_jpg.rf.9656413c3db57070610b829d12e87060.jpg</filename>
	<path>327_JPEG_jpg.rf.9656413c3db57070610b829d12e87060.jpg</path>
	<source>
		<database>roboflow.ai</database>
	</source>
	<size>
		<width>1920</width>
		<height>1090</height>
		<depth>3</depth>
	</size>
	<segmented>0</segmented>
	<object>
		<name>drone</name>
		<pose>Unspecified</pose>
		<truncated>0</truncated>
		<difficult>0</difficult>
		<occluded>0</occluded>
		<bndbox>
			<xmin>397</xmin>
			<xmax>436</xmax>
			<ymin>211</ymin>
			<ymax>251</ymax>
		</bndbox>
	</object>
</annotation>
