<annotation>
	<folder></folder>
	<filename>32_JPEG_jpg.rf.7fdce49145fd1b33373f99435b3f028f.jpg</filename>
	<path>32_JPEG_jpg.rf.7fdce49145fd1b33373f99435b3f028f.jpg</path>
	<source>
		<database>roboflow.ai</database>
	</source>
	<size>
		<width>1920</width>
		<height>1090</height>
		<depth>3</depth>
	</size>
	<segmented>0</segmented>
	<object>
		<name>drone</name>
		<pose>Unspecified</pose>
		<truncated>0</truncated>
		<difficult>0</difficult>
		<occluded>0</occluded>
		<bndbox>
			<xmin>482</xmin>
			<xmax>522</xmax>
			<ymin>213</ymin>
			<ymax>247</ymax>
		</bndbox>
	</object>
</annotation>
