<annotation>
	<folder></folder>
	<filename>334_JPEG_jpg.rf.3240a9bb73bd1b8d1fe2e56bf7d11e0b.jpg</filename>
	<path>334_JPEG_jpg.rf.3240a9bb73bd1b8d1fe2e56bf7d11e0b.jpg</path>
	<source>
		<database>roboflow.ai</database>
	</source>
	<size>
		<width>800</width>
		<height>600</height>
		<depth>3</depth>
	</size>
	<segmented>0</segmented>
	<object>
		<name>drone</name>
		<pose>Unspecified</pose>
		<truncated>0</truncated>
		<difficult>0</difficult>
		<occluded>0</occluded>
		<bndbox>
			<xmin>130</xmin>
			<xmax>642</xmax>
			<ymin>48</ymin>
			<ymax>546</ymax>
		</bndbox>
	</object>
</annotation>
