<annotation>
	<folder></folder>
	<filename>335_JPEG_jpg.rf.0e724b56f9b6a477bb68712bf6dc75b7.jpg</filename>
	<path>335_JPEG_jpg.rf.0e724b56f9b6a477bb68712bf6dc75b7.jpg</path>
	<source>
		<database>roboflow.ai</database>
	</source>
	<size>
		<width>450</width>
		<height>292</height>
		<depth>3</depth>
	</size>
	<segmented>0</segmented>
	<object>
		<name>drone</name>
		<pose>Unspecified</pose>
		<truncated>0</truncated>
		<difficult>0</difficult>
		<occluded>0</occluded>
		<bndbox>
			<xmin>145</xmin>
			<xmax>252</xmax>
			<ymin>69</ymin>
			<ymax>128</ymax>
		</bndbox>
	</object>
</annotation>
