<annotation>
	<folder></folder>
	<filename>337_JPEG_jpg.rf.1d1928e2e48eda4bc2fdb7083182d4c7.jpg</filename>
	<path>337_JPEG_jpg.rf.1d1928e2e48eda4bc2fdb7083182d4c7.jpg</path>
	<source>
		<database>roboflow.ai</database>
	</source>
	<size>
		<width>600</width>
		<height>414</height>
		<depth>3</depth>
	</size>
	<segmented>0</segmented>
	<object>
		<name>drone</name>
		<pose>Unspecified</pose>
		<truncated>0</truncated>
		<difficult>0</difficult>
		<occluded>0</occluded>
		<bndbox>
			<xmin>194</xmin>
			<xmax>477</xmax>
			<ymin>91</ymin>
			<ymax>282</ymax>
		</bndbox>
	</object>
</annotation>
