<annotation>
	<folder></folder>
	<filename>338_JPEG_jpg.rf.0d492f8b4cc77f77e14c1294218baf6c.jpg</filename>
	<path>338_JPEG_jpg.rf.0d492f8b4cc77f77e14c1294218baf6c.jpg</path>
	<source>
		<database>roboflow.ai</database>
	</source>
	<size>
		<width>1280</width>
		<height>738</height>
		<depth>3</depth>
	</size>
	<segmented>0</segmented>
	<object>
		<name>drone</name>
		<pose>Unspecified</pose>
		<truncated>0</truncated>
		<difficult>0</difficult>
		<occluded>0</occluded>
		<bndbox>
			<xmin>309</xmin>
			<xmax>534</xmax>
			<ymin>89</ymin>
			<ymax>199</ymax>
		</bndbox>
	</object>
	<object>
		<name>drone</name>
		<pose>Unspecified</pose>
		<truncated>0</truncated>
		<difficult>0</difficult>
		<occluded>0</occluded>
		<bndbox>
			<xmin>706</xmin>
			<xmax>910</xmax>
			<ymin>76</ymin>
			<ymax>184</ymax>
		</bndbox>
	</object>
</annotation>
