<annotation>
	<folder></folder>
	<filename>339_JPEG_jpg.rf.a2f63a9f4c5fe9974d72482d5f9aa705.jpg</filename>
	<path>339_JPEG_jpg.rf.a2f63a9f4c5fe9974d72482d5f9aa705.jpg</path>
	<source>
		<database>roboflow.ai</database>
	</source>
	<size>
		<width>1020</width>
		<height>612</height>
		<depth>3</depth>
	</size>
	<segmented>0</segmented>
	<object>
		<name>drone</name>
		<pose>Unspecified</pose>
		<truncated>0</truncated>
		<difficult>0</difficult>
		<occluded>0</occluded>
		<bndbox>
			<xmin>311</xmin>
			<xmax>464</xmax>
			<ymin>337</ymin>
			<ymax>420</ymax>
		</bndbox>
	</object>
</annotation>
