<annotation>
	<folder></folder>
	<filename>342_JPEG_jpg.rf.696e3c294f11de531248eb87fc66bf23.jpg</filename>
	<path>342_JPEG_jpg.rf.696e3c294f11de531248eb87fc66bf23.jpg</path>
	<source>
		<database>roboflow.ai</database>
	</source>
	<size>
		<width>1920</width>
		<height>1090</height>
		<depth>3</depth>
	</size>
	<segmented>0</segmented>
	<object>
		<name>drone</name>
		<pose>Unspecified</pose>
		<truncated>0</truncated>
		<difficult>0</difficult>
		<occluded>0</occluded>
		<bndbox>
			<xmin>526</xmin>
			<xmax>621</xmax>
			<ymin>107</ymin>
			<ymax>175</ymax>
		</bndbox>
	</object>
</annotation>
