<annotation>
	<folder></folder>
	<filename>345_JPEG_jpg.rf.eb6dc87c313dd89f1344622ee5696237.jpg</filename>
	<path>345_JPEG_jpg.rf.eb6dc87c313dd89f1344622ee5696237.jpg</path>
	<source>
		<database>roboflow.ai</database>
	</source>
	<size>
		<width>1920</width>
		<height>1090</height>
		<depth>3</depth>
	</size>
	<segmented>0</segmented>
	<object>
		<name>drone</name>
		<pose>Unspecified</pose>
		<truncated>0</truncated>
		<difficult>0</difficult>
		<occluded>0</occluded>
		<bndbox>
			<xmin>67</xmin>
			<xmax>341</xmax>
			<ymin>164</ymin>
			<ymax>348</ymax>
		</bndbox>
	</object>
</annotation>
