<annotation>
	<folder></folder>
	<filename>34_JPEG_jpg.rf.a844694bf44d2f80ee148ec9e6f03dcf.jpg</filename>
	<path>34_JPEG_jpg.rf.a844694bf44d2f80ee148ec9e6f03dcf.jpg</path>
	<source>
		<database>roboflow.ai</database>
	</source>
	<size>
		<width>770</width>
		<height>433</height>
		<depth>3</depth>
	</size>
	<segmented>0</segmented>
	<object>
		<name>drone</name>
		<pose>Unspecified</pose>
		<truncated>0</truncated>
		<difficult>0</difficult>
		<occluded>0</occluded>
		<bndbox>
			<xmin>100</xmin>
			<xmax>669</xmax>
			<ymin>133</ymin>
			<ymax>379</ymax>
		</bndbox>
	</object>
</annotation>
