<annotation>
	<folder></folder>
	<filename>37_JPEG_jpg.rf.ae29e71ab322b35479d7bd3ff4366a93.jpg</filename>
	<path>37_JPEG_jpg.rf.ae29e71ab322b35479d7bd3ff4366a93.jpg</path>
	<source>
		<database>roboflow.ai</database>
	</source>
	<size>
		<width>1920</width>
		<height>1090</height>
		<depth>3</depth>
	</size>
	<segmented>0</segmented>
	<object>
		<name>drone</name>
		<pose>Unspecified</pose>
		<truncated>0</truncated>
		<difficult>0</difficult>
		<occluded>0</occluded>
		<bndbox>
			<xmin>721</xmin>
			<xmax>814</xmax>
			<ymin>567</ymin>
			<ymax>629</ymax>
		</bndbox>
	</object>
</annotation>
