<annotation>
	<folder></folder>
	<filename>39_JPEG_jpg.rf.32a7b5cf50ed21e6f4c31d3fe0a5ae84.jpg</filename>
	<path>39_JPEG_jpg.rf.32a7b5cf50ed21e6f4c31d3fe0a5ae84.jpg</path>
	<source>
		<database>roboflow.ai</database>
	</source>
	<size>
		<width>2000</width>
		<height>1500</height>
		<depth>3</depth>
	</size>
	<segmented>0</segmented>
	<object>
		<name>drone</name>
		<pose>Unspecified</pose>
		<truncated>0</truncated>
		<difficult>0</difficult>
		<occluded>0</occluded>
		<bndbox>
			<xmin>984</xmin>
			<xmax>1603</xmax>
			<ymin>555</ymin>
			<ymax>923</ymax>
		</bndbox>
	</object>
</annotation>
