<annotation>
	<folder></folder>
	<filename>41_JPEG_jpg.rf.3ac3d8481d1d82e9c1b5ea0dc531c685.jpg</filename>
	<path>41_JPEG_jpg.rf.3ac3d8481d1d82e9c1b5ea0dc531c685.jpg</path>
	<source>
		<database>roboflow.ai</database>
	</source>
	<size>
		<width>770</width>
		<height>433</height>
		<depth>3</depth>
	</size>
	<segmented>0</segmented>
	<object>
		<name>drone</name>
		<pose>Unspecified</pose>
		<truncated>0</truncated>
		<difficult>0</difficult>
		<occluded>0</occluded>
		<bndbox>
			<xmin>9</xmin>
			<xmax>771</xmax>
			<ymin>77</ymin>
			<ymax>420</ymax>
		</bndbox>
	</object>
</annotation>
