<annotation>
	<folder></folder>
	<filename>42_JPEG_jpg.rf.a33efff75de6932450e8b9d68a7cca7d.jpg</filename>
	<path>42_JPEG_jpg.rf.a33efff75de6932450e8b9d68a7cca7d.jpg</path>
	<source>
		<database>roboflow.ai</database>
	</source>
	<size>
		<width>800</width>
		<height>600</height>
		<depth>3</depth>
	</size>
	<segmented>0</segmented>
	<object>
		<name>drone</name>
		<pose>Unspecified</pose>
		<truncated>0</truncated>
		<difficult>0</difficult>
		<occluded>0</occluded>
		<bndbox>
			<xmin>206</xmin>
			<xmax>751</xmax>
			<ymin>82</ymin>
			<ymax>410</ymax>
		</bndbox>
	</object>
</annotation>
