<annotation>
	<folder></folder>
	<filename>45_JPEG_jpg.rf.647bc74d5ae1ad0cf193d6daf958e745.jpg</filename>
	<path>45_JPEG_jpg.rf.647bc74d5ae1ad0cf193d6daf958e745.jpg</path>
	<source>
		<database>roboflow.ai</database>
	</source>
	<size>
		<width>1280</width>
		<height>738</height>
		<depth>3</depth>
	</size>
	<segmented>0</segmented>
	<object>
		<name>drone</name>
		<pose>Unspecified</pose>
		<truncated>0</truncated>
		<difficult>0</difficult>
		<occluded>0</occluded>
		<bndbox>
			<xmin>469</xmin>
			<xmax>733</xmax>
			<ymin>193</ymin>
			<ymax>418</ymax>
		</bndbox>
	</object>
</annotation>
