<annotation>
	<folder></folder>
	<filename>49_JPEG_jpg.rf.8751f90d27c9cca83eeb8e9213ccac84.jpg</filename>
	<path>49_JPEG_jpg.rf.8751f90d27c9cca83eeb8e9213ccac84.jpg</path>
	<source>
		<database>roboflow.ai</database>
	</source>
	<size>
		<width>1280</width>
		<height>738</height>
		<depth>3</depth>
	</size>
	<segmented>0</segmented>
	<object>
		<name>drone</name>
		<pose>Unspecified</pose>
		<truncated>0</truncated>
		<difficult>0</difficult>
		<occluded>0</occluded>
		<bndbox>
			<xmin>772</xmin>
			<xmax>832</xmax>
			<ymin>404</ymin>
			<ymax>448</ymax>
		</bndbox>
	</object>
</annotation>
