<annotation>
	<folder></folder>
	<filename>4_JPEG_jpg.rf.dae2542a0507b512ec25fd3ccc8485fa.jpg</filename>
	<path>4_JPEG_jpg.rf.dae2542a0507b512ec25fd3ccc8485fa.jpg</path>
	<source>
		<database>roboflow.ai</database>
	</source>
	<size>
		<width>600</width>
		<height>401</height>
		<depth>3</depth>
	</size>
	<segmented>0</segmented>
	<object>
		<name>drone</name>
		<pose>Unspecified</pose>
		<truncated>0</truncated>
		<difficult>0</difficult>
		<occluded>0</occluded>
		<bndbox>
			<xmin>58</xmin>
			<xmax>533</xmax>
			<ymin>71</ymin>
			<ymax>347</ymax>
		</bndbox>
	</object>
</annotation>
