<annotation>
	<folder></folder>
	<filename>50_JPEG_jpg.rf.b0b49d2c44a6faa661c680c034a38bd8.jpg</filename>
	<path>50_JPEG_jpg.rf.b0b49d2c44a6faa661c680c034a38bd8.jpg</path>
	<source>
		<database>roboflow.ai</database>
	</source>
	<size>
		<width>1280</width>
		<height>738</height>
		<depth>3</depth>
	</size>
	<segmented>0</segmented>
	<object>
		<name>drone</name>
		<pose>Unspecified</pose>
		<truncated>0</truncated>
		<difficult>0</difficult>
		<occluded>0</occluded>
		<bndbox>
			<xmin>628</xmin>
			<xmax>836</xmax>
			<ymin>131</ymin>
			<ymax>243</ymax>
		</bndbox>
	</object>
	<object>
		<name>drone</name>
		<pose>Unspecified</pose>
		<truncated>0</truncated>
		<difficult>0</difficult>
		<occluded>0</occluded>
		<bndbox>
			<xmin>151</xmin>
			<xmax>414</xmax>
			<ymin>79</ymin>
			<ymax>199</ymax>
		</bndbox>
	</object>
</annotation>
