<annotation>
	<folder></folder>
	<filename>51_JPEG_jpg.rf.953ac27b0d7da495878b0753b5c98fb1.jpg</filename>
	<path>51_JPEG_jpg.rf.953ac27b0d7da495878b0753b5c98fb1.jpg</path>
	<source>
		<database>roboflow.ai</database>
	</source>
	<size>
		<width>900</width>
		<height>547</height>
		<depth>3</depth>
	</size>
	<segmented>0</segmented>
	<object>
		<name>drone</name>
		<pose>Unspecified</pose>
		<truncated>0</truncated>
		<difficult>0</difficult>
		<occluded>0</occluded>
		<bndbox>
			<xmin>164</xmin>
			<xmax>891</xmax>
			<ymin>43</ymin>
			<ymax>415</ymax>
		</bndbox>
	</object>
</annotation>
