<annotation>
	<folder></folder>
	<filename>54_JPEG_jpg.rf.cd4e3261684d54562979e725f347029c.jpg</filename>
	<path>54_JPEG_jpg.rf.cd4e3261684d54562979e725f347029c.jpg</path>
	<source>
		<database>roboflow.ai</database>
	</source>
	<size>
		<width>550</width>
		<height>309</height>
		<depth>3</depth>
	</size>
	<segmented>0</segmented>
	<object>
		<name>drone</name>
		<pose>Unspecified</pose>
		<truncated>0</truncated>
		<difficult>0</difficult>
		<occluded>0</occluded>
		<bndbox>
			<xmin>79</xmin>
			<xmax>355</xmax>
			<ymin>20</ymin>
			<ymax>238</ymax>
		</bndbox>
	</object>
</annotation>
