<annotation>
	<folder></folder>
	<filename>56_JPEG_jpg.rf.794a56afb83a1a592f482313e09ea585.jpg</filename>
	<path>56_JPEG_jpg.rf.794a56afb83a1a592f482313e09ea585.jpg</path>
	<source>
		<database>roboflow.ai</database>
	</source>
	<size>
		<width>1280</width>
		<height>738</height>
		<depth>3</depth>
	</size>
	<segmented>0</segmented>
	<object>
		<name>drone</name>
		<pose>Unspecified</pose>
		<truncated>0</truncated>
		<difficult>0</difficult>
		<occluded>0</occluded>
		<bndbox>
			<xmin>666</xmin>
			<xmax>849</xmax>
			<ymin>249</ymin>
			<ymax>355</ymax>
		</bndbox>
	</object>
	<object>
		<name>drone</name>
		<pose>Unspecified</pose>
		<truncated>0</truncated>
		<difficult>0</difficult>
		<occluded>0</occluded>
		<bndbox>
			<xmin>135</xmin>
			<xmax>384</xmax>
			<ymin>159</ymin>
			<ymax>266</ymax>
		</bndbox>
	</object>
</annotation>
