<annotation>
	<folder></folder>
	<filename>59_JPEG_jpg.rf.278de95ee4f9e6a491336fc203cd5258.jpg</filename>
	<path>59_JPEG_jpg.rf.278de95ee4f9e6a491336fc203cd5258.jpg</path>
	<source>
		<database>roboflow.ai</database>
	</source>
	<size>
		<width>970</width>
		<height>545</height>
		<depth>3</depth>
	</size>
	<segmented>0</segmented>
	<object>
		<name>drone</name>
		<pose>Unspecified</pose>
		<truncated>0</truncated>
		<difficult>0</difficult>
		<occluded>0</occluded>
		<bndbox>
			<xmin>54</xmin>
			<xmax>925</xmax>
			<ymin>100</ymin>
			<ymax>461</ymax>
		</bndbox>
	</object>
</annotation>
