<annotation>
	<folder></folder>
	<filename>60_JPEG_jpg.rf.ebbf5b030b9a0d82aced9c62b0c66a49.jpg</filename>
	<path>60_JPEG_jpg.rf.ebbf5b030b9a0d82aced9c62b0c66a49.jpg</path>
	<source>
		<database>roboflow.ai</database>
	</source>
	<size>
		<width>1920</width>
		<height>1090</height>
		<depth>3</depth>
	</size>
	<segmented>0</segmented>
	<object>
		<name>drone</name>
		<pose>Unspecified</pose>
		<truncated>0</truncated>
		<difficult>0</difficult>
		<occluded>0</occluded>
		<bndbox>
			<xmin>286</xmin>
			<xmax>770</xmax>
			<ymin>194</ymin>
			<ymax>480</ymax>
		</bndbox>
	</object>
</annotation>
