<annotation>
	<folder></folder>
	<filename>64_JPEG_jpg.rf.ac11debb0912f8fbc04784e6f3df66de.jpg</filename>
	<path>64_JPEG_jpg.rf.ac11debb0912f8fbc04784e6f3df66de.jpg</path>
	<source>
		<database>roboflow.ai</database>
	</source>
	<size>
		<width>1280</width>
		<height>738</height>
		<depth>3</depth>
	</size>
	<segmented>0</segmented>
	<object>
		<name>drone</name>
		<pose>Unspecified</pose>
		<truncated>0</truncated>
		<difficult>0</difficult>
		<occluded>0</occluded>
		<bndbox>
			<xmin>88</xmin>
			<xmax>448</xmax>
			<ymin>302</ymin>
			<ymax>453</ymax>
		</bndbox>
	</object>
</annotation>
