<annotation>
	<folder></folder>
	<filename>65_JPEG_jpg.rf.36df5cca78e1a143c6809d4227212fdd.jpg</filename>
	<path>65_JPEG_jpg.rf.36df5cca78e1a143c6809d4227212fdd.jpg</path>
	<source>
		<database>roboflow.ai</database>
	</source>
	<size>
		<width>480</width>
		<height>360</height>
		<depth>3</depth>
	</size>
	<segmented>0</segmented>
	<object>
		<name>drone</name>
		<pose>Unspecified</pose>
		<truncated>0</truncated>
		<difficult>0</difficult>
		<occluded>0</occluded>
		<bndbox>
			<xmin>338</xmin>
			<xmax>419</xmax>
			<ymin>115</ymin>
			<ymax>235</ymax>
		</bndbox>
	</object>
</annotation>
