<annotation>
	<folder></folder>
	<filename>67_JPEG_jpg.rf.eeaf22f74e80f54a06d4d07a97eb3e2f.jpg</filename>
	<path>67_JPEG_jpg.rf.eeaf22f74e80f54a06d4d07a97eb3e2f.jpg</path>
	<source>
		<database>roboflow.ai</database>
	</source>
	<size>
		<width>1920</width>
		<height>1090</height>
		<depth>3</depth>
	</size>
	<segmented>0</segmented>
	<object>
		<name>drone</name>
		<pose>Unspecified</pose>
		<truncated>0</truncated>
		<difficult>0</difficult>
		<occluded>0</occluded>
		<bndbox>
			<xmin>704</xmin>
			<xmax>847</xmax>
			<ymin>275</ymin>
			<ymax>358</ymax>
		</bndbox>
	</object>
</annotation>
