<annotation>
	<folder></folder>
	<filename>68_JPEG_jpg.rf.55eb2f290b7f947f143ac0e00141ff6b.jpg</filename>
	<path>68_JPEG_jpg.rf.55eb2f290b7f947f143ac0e00141ff6b.jpg</path>
	<source>
		<database>roboflow.ai</database>
	</source>
	<size>
		<width>1920</width>
		<height>1090</height>
		<depth>3</depth>
	</size>
	<segmented>0</segmented>
	<object>
		<name>drone</name>
		<pose>Unspecified</pose>
		<truncated>0</truncated>
		<difficult>0</difficult>
		<occluded>0</occluded>
		<bndbox>
			<xmin>424</xmin>
			<xmax>1031</xmax>
			<ymin>282</ymin>
			<ymax>655</ymax>
		</bndbox>
	</object>
</annotation>
