<annotation>
	<folder></folder>
	<filename>69_JPEG_jpg.rf.b5580f94fdc050733ba32f2f3e5cde2e.jpg</filename>
	<path>69_JPEG_jpg.rf.b5580f94fdc050733ba32f2f3e5cde2e.jpg</path>
	<source>
		<database>roboflow.ai</database>
	</source>
	<size>
		<width>1920</width>
		<height>1090</height>
		<depth>3</depth>
	</size>
	<segmented>0</segmented>
	<object>
		<name>drone</name>
		<pose>Unspecified</pose>
		<truncated>0</truncated>
		<difficult>0</difficult>
		<occluded>0</occluded>
		<bndbox>
			<xmin>490</xmin>
			<xmax>777</xmax>
			<ymin>465</ymin>
			<ymax>710</ymax>
		</bndbox>
	</object>
</annotation>
