<annotation>
	<folder></folder>
	<filename>71_JPEG_jpg.rf.7ffa6d60fb44868169128bbdd88a4aff.jpg</filename>
	<path>71_JPEG_jpg.rf.7ffa6d60fb44868169128bbdd88a4aff.jpg</path>
	<source>
		<database>roboflow.ai</database>
	</source>
	<size>
		<width>1920</width>
		<height>1090</height>
		<depth>3</depth>
	</size>
	<segmented>0</segmented>
	<object>
		<name>drone</name>
		<pose>Unspecified</pose>
		<truncated>0</truncated>
		<difficult>0</difficult>
		<occluded>0</occluded>
		<bndbox>
			<xmin>523</xmin>
			<xmax>585</xmax>
			<ymin>57</ymin>
			<ymax>97</ymax>
		</bndbox>
	</object>
</annotation>
