<annotation>
	<folder></folder>
	<filename>72_JPEG_jpg.rf.3cc3ff7a96d7ed498cc88aa956b7e4b1.jpg</filename>
	<path>72_JPEG_jpg.rf.3cc3ff7a96d7ed498cc88aa956b7e4b1.jpg</path>
	<source>
		<database>roboflow.ai</database>
	</source>
	<size>
		<width>1920</width>
		<height>1090</height>
		<depth>3</depth>
	</size>
	<segmented>0</segmented>
	<object>
		<name>drone</name>
		<pose>Unspecified</pose>
		<truncated>0</truncated>
		<difficult>0</difficult>
		<occluded>0</occluded>
		<bndbox>
			<xmin>740</xmin>
			<xmax>877</xmax>
			<ymin>548</ymin>
			<ymax>615</ymax>
		</bndbox>
	</object>
</annotation>
