<annotation>
	<folder></folder>
	<filename>73_JPEG_jpg.rf.309bc78e4f4b7dcb6a9efd603a8d95de.jpg</filename>
	<path>73_JPEG_jpg.rf.309bc78e4f4b7dcb6a9efd603a8d95de.jpg</path>
	<source>
		<database>roboflow.ai</database>
	</source>
	<size>
		<width>1000</width>
		<height>665</height>
		<depth>3</depth>
	</size>
	<segmented>0</segmented>
	<object>
		<name>drone</name>
		<pose>Unspecified</pose>
		<truncated>0</truncated>
		<difficult>0</difficult>
		<occluded>0</occluded>
		<bndbox>
			<xmin>75</xmin>
			<xmax>814</xmax>
			<ymin>121</ymin>
			<ymax>429</ymax>
		</bndbox>
	</object>
</annotation>
