<annotation>
	<folder></folder>
	<filename>76_JPEG_jpg.rf.723027f88b212e402b95a93ae6b99059.jpg</filename>
	<path>76_JPEG_jpg.rf.723027f88b212e402b95a93ae6b99059.jpg</path>
	<source>
		<database>roboflow.ai</database>
	</source>
	<size>
		<width>1280</width>
		<height>738</height>
		<depth>3</depth>
	</size>
	<segmented>0</segmented>
	<object>
		<name>drone</name>
		<pose>Unspecified</pose>
		<truncated>0</truncated>
		<difficult>0</difficult>
		<occluded>0</occluded>
		<bndbox>
			<xmin>526</xmin>
			<xmax>659</xmax>
			<ymin>212</ymin>
			<ymax>295</ymax>
		</bndbox>
	</object>
</annotation>
