<annotation>
	<folder></folder>
	<filename>79_JPEG_jpg.rf.f10674d34746cb61d720f959362cc1f2.jpg</filename>
	<path>79_JPEG_jpg.rf.f10674d34746cb61d720f959362cc1f2.jpg</path>
	<source>
		<database>roboflow.ai</database>
	</source>
	<size>
		<width>600</width>
		<height>400</height>
		<depth>3</depth>
	</size>
	<segmented>0</segmented>
	<object>
		<name>drone</name>
		<pose>Unspecified</pose>
		<truncated>0</truncated>
		<difficult>0</difficult>
		<occluded>0</occluded>
		<bndbox>
			<xmin>4</xmin>
			<xmax>532</xmax>
			<ymin>22</ymin>
			<ymax>388</ymax>
		</bndbox>
	</object>
</annotation>
