<annotation>
	<folder></folder>
	<filename>80_JPEG_jpg.rf.c964ad8b4541f6089503745f2af8bbce.jpg</filename>
	<path>80_JPEG_jpg.rf.c964ad8b4541f6089503745f2af8bbce.jpg</path>
	<source>
		<database>roboflow.ai</database>
	</source>
	<size>
		<width>1280</width>
		<height>738</height>
		<depth>3</depth>
	</size>
	<segmented>0</segmented>
	<object>
		<name>drone</name>
		<pose>Unspecified</pose>
		<truncated>0</truncated>
		<difficult>0</difficult>
		<occluded>0</occluded>
		<bndbox>
			<xmin>789</xmin>
			<xmax>878</xmax>
			<ymin>386</ymin>
			<ymax>447</ymax>
		</bndbox>
	</object>
</annotation>
