<annotation>
	<folder></folder>
	<filename>81_JPEG_jpg.rf.251978764e9ac9f98b44d847bd375be5.jpg</filename>
	<path>81_JPEG_jpg.rf.251978764e9ac9f98b44d847bd375be5.jpg</path>
	<source>
		<database>roboflow.ai</database>
	</source>
	<size>
		<width>1920</width>
		<height>1090</height>
		<depth>3</depth>
	</size>
	<segmented>0</segmented>
	<object>
		<name>drone</name>
		<pose>Unspecified</pose>
		<truncated>0</truncated>
		<difficult>0</difficult>
		<occluded>0</occluded>
		<bndbox>
			<xmin>320</xmin>
			<xmax>608</xmax>
			<ymin>182</ymin>
			<ymax>424</ymax>
		</bndbox>
	</object>
</annotation>
