<annotation>
	<folder></folder>
	<filename>82_JPEG_jpg.rf.abffa5bc4f63133c6098abbc04a5f87c.jpg</filename>
	<path>82_JPEG_jpg.rf.abffa5bc4f63133c6098abbc04a5f87c.jpg</path>
	<source>
		<database>roboflow.ai</database>
	</source>
	<size>
		<width>640</width>
		<height>480</height>
		<depth>3</depth>
	</size>
	<segmented>0</segmented>
	<object>
		<name>drone</name>
		<pose>Unspecified</pose>
		<truncated>0</truncated>
		<difficult>0</difficult>
		<occluded>0</occluded>
		<bndbox>
			<xmin>132</xmin>
			<xmax>602</xmax>
			<ymin>113</ymin>
			<ymax>344</ymax>
		</bndbox>
	</object>
</annotation>
