<annotation>
	<folder></folder>
	<filename>83_JPEG_jpg.rf.10d594f0010f09e80cb8528039a5100e.jpg</filename>
	<path>83_JPEG_jpg.rf.10d594f0010f09e80cb8528039a5100e.jpg</path>
	<source>
		<database>roboflow.ai</database>
	</source>
	<size>
		<width>840</width>
		<height>485</height>
		<depth>3</depth>
	</size>
	<segmented>0</segmented>
	<object>
		<name>drone</name>
		<pose>Unspecified</pose>
		<truncated>0</truncated>
		<difficult>0</difficult>
		<occluded>0</occluded>
		<bndbox>
			<xmin>406</xmin>
			<xmax>596</xmax>
			<ymin>228</ymin>
			<ymax>362</ymax>
		</bndbox>
	</object>
</annotation>
