<annotation>
	<folder></folder>
	<filename>86_JPEG_jpg.rf.1816ccdd9874f80d88f15a914c4a7742.jpg</filename>
	<path>86_JPEG_jpg.rf.1816ccdd9874f80d88f15a914c4a7742.jpg</path>
	<source>
		<database>roboflow.ai</database>
	</source>
	<size>
		<width>750</width>
		<height>442</height>
		<depth>3</depth>
	</size>
	<segmented>0</segmented>
	<object>
		<name>drone</name>
		<pose>Unspecified</pose>
		<truncated>0</truncated>
		<difficult>0</difficult>
		<occluded>0</occluded>
		<bndbox>
			<xmin>205</xmin>
			<xmax>527</xmax>
			<ymin>109</ymin>
			<ymax>324</ymax>
		</bndbox>
	</object>
</annotation>
