<annotation>
	<folder></folder>
	<filename>88_JPEG_jpg.rf.fa82c0f087277a209d0eb2a242234387.jpg</filename>
	<path>88_JPEG_jpg.rf.fa82c0f087277a209d0eb2a242234387.jpg</path>
	<source>
		<database>roboflow.ai</database>
	</source>
	<size>
		<width>1920</width>
		<height>1090</height>
		<depth>3</depth>
	</size>
	<segmented>0</segmented>
	<object>
		<name>drone</name>
		<pose>Unspecified</pose>
		<truncated>0</truncated>
		<difficult>0</difficult>
		<occluded>0</occluded>
		<bndbox>
			<xmin>524</xmin>
			<xmax>877</xmax>
			<ymin>340</ymin>
			<ymax>498</ymax>
		</bndbox>
	</object>
</annotation>
