<annotation>
	<folder></folder>
	<filename>92_JPEG_jpg.rf.12c8e10ddcc62394fed7c5c7e96a7ed0.jpg</filename>
	<path>92_JPEG_jpg.rf.12c8e10ddcc62394fed7c5c7e96a7ed0.jpg</path>
	<source>
		<database>roboflow.ai</database>
	</source>
	<size>
		<width>1920</width>
		<height>1090</height>
		<depth>3</depth>
	</size>
	<segmented>0</segmented>
	<object>
		<name>drone</name>
		<pose>Unspecified</pose>
		<truncated>0</truncated>
		<difficult>0</difficult>
		<occluded>0</occluded>
		<bndbox>
			<xmin>678</xmin>
			<xmax>1046</xmax>
			<ymin>301</ymin>
			<ymax>541</ymax>
		</bndbox>
	</object>
</annotation>
