<annotation>
	<folder></folder>
	<filename>94_JPEG_jpg.rf.e6f3577facdcbb272dd62ed294c99fc9.jpg</filename>
	<path>94_JPEG_jpg.rf.e6f3577facdcbb272dd62ed294c99fc9.jpg</path>
	<source>
		<database>roboflow.ai</database>
	</source>
	<size>
		<width>1280</width>
		<height>738</height>
		<depth>3</depth>
	</size>
	<segmented>0</segmented>
	<object>
		<name>drone</name>
		<pose>Unspecified</pose>
		<truncated>0</truncated>
		<difficult>0</difficult>
		<occluded>0</occluded>
		<bndbox>
			<xmin>187</xmin>
			<xmax>423</xmax>
			<ymin>171</ymin>
			<ymax>276</ymax>
		</bndbox>
	</object>
	<object>
		<name>drone</name>
		<pose>Unspecified</pose>
		<truncated>0</truncated>
		<difficult>0</difficult>
		<occluded>0</occluded>
		<bndbox>
			<xmin>655</xmin>
			<xmax>871</xmax>
			<ymin>294</ymin>
			<ymax>402</ymax>
		</bndbox>
	</object>
</annotation>
