<annotation>
	<folder></folder>
	<filename>a--14-_JPEG.rf.69d5a8a448d38cda127d3b2ab341a848.jpg</filename>
	<path>a--14-_JPEG.rf.69d5a8a448d38cda127d3b2ab341a848.jpg</path>
	<source>
		<database>roboflow.ai</database>
	</source>
	<size>
		<width>1280</width>
		<height>720</height>
		<depth>3</depth>
	</size>
	<segmented>0</segmented>
	<object>
		<name>drone</name>
		<pose>Unspecified</pose>
		<truncated>0</truncated>
		<difficult>0</difficult>
		<occluded>0</occluded>
		<bndbox>
			<xmin>568</xmin>
			<xmax>1102</xmax>
			<ymin>428</ymin>
			<ymax>636</ymax>
		</bndbox>
	</object>
</annotation>
