<annotation>
	<folder></folder>
	<filename>a--18-_JPEG.rf.cbba9eb2ec927379fcf7657c2e07b430.jpg</filename>
	<path>a--18-_JPEG.rf.cbba9eb2ec927379fcf7657c2e07b430.jpg</path>
	<source>
		<database>roboflow.ai</database>
	</source>
	<size>
		<width>1280</width>
		<height>720</height>
		<depth>3</depth>
	</size>
	<segmented>0</segmented>
	<object>
		<name>drone</name>
		<pose>Unspecified</pose>
		<truncated>0</truncated>
		<difficult>0</difficult>
		<occluded>0</occluded>
		<bndbox>
			<xmin>492</xmin>
			<xmax>609</xmax>
			<ymin>66</ymin>
			<ymax>137</ymax>
		</bndbox>
	</object>
</annotation>
