<annotation>
	<folder></folder>
	<filename>a--16-_JPEG.rf.188ed779927af2c85596e4137eb42ec4.jpg</filename>
	<path>a--16-_JPEG.rf.188ed779927af2c85596e4137eb42ec4.jpg</path>
	<source>
		<database>roboflow.ai</database>
	</source>
	<size>
		<width>1280</width>
		<height>720</height>
		<depth>3</depth>
	</size>
	<segmented>0</segmented>
	<object>
		<name>drone</name>
		<pose>Unspecified</pose>
		<truncated>0</truncated>
		<difficult>0</difficult>
		<occluded>0</occluded>
		<bndbox>
			<xmin>118</xmin>
			<xmax>543</xmax>
			<ymin>169</ymin>
			<ymax>504</ymax>
		</bndbox>
	</object>
	<object>
		<name>drone</name>
		<pose>Unspecified</pose>
		<truncated>0</truncated>
		<difficult>0</difficult>
		<occluded>0</occluded>
		<bndbox>
			<xmin>281</xmin>
			<xmax>884</xmax>
			<ymin>124</ymin>
			<ymax>574</ymax>
		</bndbox>
	</object>
	<object>
		<name>drone</name>
		<pose>Unspecified</pose>
		<truncated>0</truncated>
		<difficult>0</difficult>
		<occluded>0</occluded>
		<bndbox>
			<xmin>673</xmin>
			<xmax>1261</xmax>
			<ymin>105</ymin>
			<ymax>358</ymax>
		</bndbox>
	</object>
</annotation>
