<annotation>
	<folder></folder>
	<filename>a--15-_JPEG.rf.9f388a84a047c2088f3a8438c8b5a413.jpg</filename>
	<path>a--15-_JPEG.rf.9f388a84a047c2088f3a8438c8b5a413.jpg</path>
	<source>
		<database>roboflow.ai</database>
	</source>
	<size>
		<width>1280</width>
		<height>720</height>
		<depth>3</depth>
	</size>
	<segmented>0</segmented>
	<object>
		<name>drone</name>
		<pose>Unspecified</pose>
		<truncated>0</truncated>
		<difficult>0</difficult>
		<occluded>0</occluded>
		<bndbox>
			<xmin>583</xmin>
			<xmax>1093</xmax>
			<ymin>416</ymin>
			<ymax>721</ymax>
		</bndbox>
	</object>
</annotation>
