<annotation>
	<folder></folder>
	<filename>a--19-_JPEG.rf.5341648af8a5cb3a6d3e79f997b23aac.jpg</filename>
	<path>a--19-_JPEG.rf.5341648af8a5cb3a6d3e79f997b23aac.jpg</path>
	<source>
		<database>roboflow.ai</database>
	</source>
	<size>
		<width>1280</width>
		<height>720</height>
		<depth>3</depth>
	</size>
	<segmented>0</segmented>
	<object>
		<name>drone</name>
		<pose>Unspecified</pose>
		<truncated>0</truncated>
		<difficult>0</difficult>
		<occluded>0</occluded>
		<bndbox>
			<xmin>522</xmin>
			<xmax>641</xmax>
			<ymin>64</ymin>
			<ymax>129</ymax>
		</bndbox>
	</object>
</annotation>
