<annotation>
	<folder></folder>
	<filename>a--12-_JPEG.rf.1c20a0b3bff63cd7a13ea2e145db6482.jpg</filename>
	<path>a--12-_JPEG.rf.1c20a0b3bff63cd7a13ea2e145db6482.jpg</path>
	<source>
		<database>roboflow.ai</database>
	</source>
	<size>
		<width>1280</width>
		<height>720</height>
		<depth>3</depth>
	</size>
	<segmented>0</segmented>
	<object>
		<name>drone</name>
		<pose>Unspecified</pose>
		<truncated>0</truncated>
		<difficult>0</difficult>
		<occluded>0</occluded>
		<bndbox>
			<xmin>582</xmin>
			<xmax>1118</xmax>
			<ymin>403</ymin>
			<ymax>603</ymax>
		</bndbox>
	</object>
</annotation>
