<annotation>
	<folder></folder>
	<filename>a--17-_JPEG.rf.f11bc2c4c2eac72b0134d8edff4c0bf8.jpg</filename>
	<path>a--17-_JPEG.rf.f11bc2c4c2eac72b0134d8edff4c0bf8.jpg</path>
	<source>
		<database>roboflow.ai</database>
	</source>
	<size>
		<width>1280</width>
		<height>720</height>
		<depth>3</depth>
	</size>
	<segmented>0</segmented>
	<object>
		<name>drone</name>
		<pose>Unspecified</pose>
		<truncated>0</truncated>
		<difficult>0</difficult>
		<occluded>0</occluded>
		<bndbox>
			<xmin>12</xmin>
			<xmax>742</xmax>
			<ymin>198</ymin>
			<ymax>501</ymax>
		</bndbox>
	</object>
	<object>
		<name>drone</name>
		<pose>Unspecified</pose>
		<truncated>0</truncated>
		<difficult>0</difficult>
		<occluded>0</occluded>
		<bndbox>
			<xmin>643</xmin>
			<xmax>1256</xmax>
			<ymin>131</ymin>
			<ymax>377</ymax>
		</bndbox>
	</object>
</annotation>
