<annotation>
	<folder></folder>
	<filename>a--10-_JPEG.rf.9fa57f6f51cff65dbb208a28c7934c61.jpg</filename>
	<path>a--10-_JPEG.rf.9fa57f6f51cff65dbb208a28c7934c61.jpg</path>
	<source>
		<database>roboflow.ai</database>
	</source>
	<size>
		<width>1280</width>
		<height>720</height>
		<depth>3</depth>
	</size>
	<segmented>0</segmented>
	<object>
		<name>drone</name>
		<pose>Unspecified</pose>
		<truncated>0</truncated>
		<difficult>0</difficult>
		<occluded>0</occluded>
		<bndbox>
			<xmin>640</xmin>
			<xmax>759</xmax>
			<ymin>245</ymin>
			<ymax>295</ymax>
		</bndbox>
	</object>
</annotation>
