<annotation>
	<folder></folder>
	<filename>a--1-_JPEG.rf.1f7af783d25817cb12c13b4680291b5b.jpg</filename>
	<path>a--1-_JPEG.rf.1f7af783d25817cb12c13b4680291b5b.jpg</path>
	<source>
		<database>roboflow.ai</database>
	</source>
	<size>
		<width>1920</width>
		<height>1090</height>
		<depth>3</depth>
	</size>
	<segmented>0</segmented>
	<object>
		<name>drone</name>
		<pose>Unspecified</pose>
		<truncated>0</truncated>
		<difficult>0</difficult>
		<occluded>0</occluded>
		<bndbox>
			<xmin>1260</xmin>
			<xmax>1433</xmax>
			<ymin>485</ymin>
			<ymax>590</ymax>
		</bndbox>
	</object>
</annotation>
