<annotation>
	<folder></folder>
	<filename>a--13-_JPEG.rf.49d32123a476d1295a38c9f7fd226682.jpg</filename>
	<path>a--13-_JPEG.rf.49d32123a476d1295a38c9f7fd226682.jpg</path>
	<source>
		<database>roboflow.ai</database>
	</source>
	<size>
		<width>1280</width>
		<height>720</height>
		<depth>3</depth>
	</size>
	<segmented>0</segmented>
	<object>
		<name>drone</name>
		<pose>Unspecified</pose>
		<truncated>0</truncated>
		<difficult>0</difficult>
		<occluded>0</occluded>
		<bndbox>
			<xmin>584</xmin>
			<xmax>1119</xmax>
			<ymin>421</ymin>
			<ymax>610</ymax>
		</bndbox>
	</object>
</annotation>
