<annotation>
	<folder></folder>
	<filename>a--2-_JPEG.rf.210117b7409c5578b7cfee10976e4ab8.jpg</filename>
	<path>a--2-_JPEG.rf.210117b7409c5578b7cfee10976e4ab8.jpg</path>
	<source>
		<database>roboflow.ai</database>
	</source>
	<size>
		<width>1920</width>
		<height>1090</height>
		<depth>3</depth>
	</size>
	<segmented>0</segmented>
	<object>
		<name>drone</name>
		<pose>Unspecified</pose>
		<truncated>0</truncated>
		<difficult>0</difficult>
		<occluded>0</occluded>
		<bndbox>
			<xmin>1272</xmin>
			<xmax>1435</xmax>
			<ymin>217</ymin>
			<ymax>311</ymax>
		</bndbox>
	</object>
	<object>
		<name>drone</name>
		<pose>Unspecified</pose>
		<truncated>0</truncated>
		<difficult>0</difficult>
		<occluded>0</occluded>
		<bndbox>
			<xmin>1352</xmin>
			<xmax>1493</xmax>
			<ymin>358</ymin>
			<ymax>447</ymax>
		</bndbox>
	</object>
</annotation>
