<annotation>
	<folder></folder>
	<filename>a--25-_JPEG.rf.9df8a1a1b1a7e73291531b77299186b8.jpg</filename>
	<path>a--25-_JPEG.rf.9df8a1a1b1a7e73291531b77299186b8.jpg</path>
	<source>
		<database>roboflow.ai</database>
	</source>
	<size>
		<width>1280</width>
		<height>720</height>
		<depth>3</depth>
	</size>
	<segmented>0</segmented>
	<object>
		<name>drone</name>
		<pose>Unspecified</pose>
		<truncated>0</truncated>
		<difficult>0</difficult>
		<occluded>0</occluded>
		<bndbox>
			<xmin>226</xmin>
			<xmax>272</xmax>
			<ymin>169</ymin>
			<ymax>197</ymax>
		</bndbox>
	</object>
	<object>
		<name>drone</name>
		<pose>Unspecified</pose>
		<truncated>0</truncated>
		<difficult>0</difficult>
		<occluded>0</occluded>
		<bndbox>
			<xmin>791</xmin>
			<xmax>837</xmax>
			<ymin>327</ymin>
			<ymax>350</ymax>
		</bndbox>
	</object>
</annotation>
