<annotation>
	<folder></folder>
	<filename>a--20-_JPEG.rf.76ffec7c322f9f372ec88742cf7e4787.jpg</filename>
	<path>a--20-_JPEG.rf.76ffec7c322f9f372ec88742cf7e4787.jpg</path>
	<source>
		<database>roboflow.ai</database>
	</source>
	<size>
		<width>1280</width>
		<height>720</height>
		<depth>3</depth>
	</size>
	<segmented>0</segmented>
	<object>
		<name>drone</name>
		<pose>Unspecified</pose>
		<truncated>0</truncated>
		<difficult>0</difficult>
		<occluded>0</occluded>
		<bndbox>
			<xmin>337</xmin>
			<xmax>560</xmax>
			<ymin>154</ymin>
			<ymax>261</ymax>
		</bndbox>
	</object>
</annotation>
