<annotation>
	<folder></folder>
	<filename>a--28-_JPEG.rf.7000f3fdbf8976e0a051f283bb3b847a.jpg</filename>
	<path>a--28-_JPEG.rf.7000f3fdbf8976e0a051f283bb3b847a.jpg</path>
	<source>
		<database>roboflow.ai</database>
	</source>
	<size>
		<width>1280</width>
		<height>720</height>
		<depth>3</depth>
	</size>
	<segmented>0</segmented>
	<object>
		<name>drone</name>
		<pose>Unspecified</pose>
		<truncated>0</truncated>
		<difficult>0</difficult>
		<occluded>0</occluded>
		<bndbox>
			<xmin>425</xmin>
			<xmax>470</xmax>
			<ymin>203</ymin>
			<ymax>235</ymax>
		</bndbox>
	</object>
	<object>
		<name>drone</name>
		<pose>Unspecified</pose>
		<truncated>0</truncated>
		<difficult>0</difficult>
		<occluded>0</occluded>
		<bndbox>
			<xmin>884</xmin>
			<xmax>916</xmax>
			<ymin>295</ymin>
			<ymax>315</ymax>
		</bndbox>
	</object>
</annotation>
