<annotation>
	<folder></folder>
	<filename>a--27-_JPEG.rf.a002d378f0560f9136a0a6776b733e58.jpg</filename>
	<path>a--27-_JPEG.rf.a002d378f0560f9136a0a6776b733e58.jpg</path>
	<source>
		<database>roboflow.ai</database>
	</source>
	<size>
		<width>1280</width>
		<height>720</height>
		<depth>3</depth>
	</size>
	<segmented>0</segmented>
	<object>
		<name>drone</name>
		<pose>Unspecified</pose>
		<truncated>0</truncated>
		<difficult>0</difficult>
		<occluded>0</occluded>
		<bndbox>
			<xmin>624</xmin>
			<xmax>658</xmax>
			<ymin>218</ymin>
			<ymax>236</ymax>
		</bndbox>
	</object>
	<object>
		<name>drone</name>
		<pose>Unspecified</pose>
		<truncated>0</truncated>
		<difficult>0</difficult>
		<occluded>0</occluded>
		<bndbox>
			<xmin>840</xmin>
			<xmax>893</xmax>
			<ymin>331</ymin>
			<ymax>357</ymax>
		</bndbox>
	</object>
</annotation>
