<annotation>
	<folder></folder>
	<filename>a--22-_JPEG.rf.77e8a62a9ef2de5b30c9a6d56e199db8.jpg</filename>
	<path>a--22-_JPEG.rf.77e8a62a9ef2de5b30c9a6d56e199db8.jpg</path>
	<source>
		<database>roboflow.ai</database>
	</source>
	<size>
		<width>1280</width>
		<height>720</height>
		<depth>3</depth>
	</size>
	<segmented>0</segmented>
	<object>
		<name>drone</name>
		<pose>Unspecified</pose>
		<truncated>0</truncated>
		<difficult>0</difficult>
		<occluded>0</occluded>
		<bndbox>
			<xmin>456</xmin>
			<xmax>489</xmax>
			<ymin>264</ymin>
			<ymax>281</ymax>
		</bndbox>
	</object>
	<object>
		<name>drone</name>
		<pose>Unspecified</pose>
		<truncated>0</truncated>
		<difficult>0</difficult>
		<occluded>0</occluded>
		<bndbox>
			<xmin>724</xmin>
			<xmax>770</xmax>
			<ymin>300</ymin>
			<ymax>320</ymax>
		</bndbox>
	</object>
</annotation>
