<annotation>
	<folder></folder>
	<filename>a--23-_JPEG.rf.4a64bc603e441492dee4d5465b3c6243.jpg</filename>
	<path>a--23-_JPEG.rf.4a64bc603e441492dee4d5465b3c6243.jpg</path>
	<source>
		<database>roboflow.ai</database>
	</source>
	<size>
		<width>1280</width>
		<height>720</height>
		<depth>3</depth>
	</size>
	<segmented>0</segmented>
	<object>
		<name>drone</name>
		<pose>Unspecified</pose>
		<truncated>0</truncated>
		<difficult>0</difficult>
		<occluded>0</occluded>
		<bndbox>
			<xmin>537</xmin>
			<xmax>549</xmax>
			<ymin>307</ymin>
			<ymax>318</ymax>
		</bndbox>
	</object>
	<object>
		<name>drone</name>
		<pose>Unspecified</pose>
		<truncated>0</truncated>
		<difficult>0</difficult>
		<occluded>0</occluded>
		<bndbox>
			<xmin>719</xmin>
			<xmax>756</xmax>
			<ymin>335</ymin>
			<ymax>354</ymax>
		</bndbox>
	</object>
</annotation>
