<annotation>
	<folder></folder>
	<filename>a--29-_JPEG.rf.7582c9cbc59b05ce8f79a797d6635865.jpg</filename>
	<path>a--29-_JPEG.rf.7582c9cbc59b05ce8f79a797d6635865.jpg</path>
	<source>
		<database>roboflow.ai</database>
	</source>
	<size>
		<width>1280</width>
		<height>720</height>
		<depth>3</depth>
	</size>
	<segmented>0</segmented>
	<object>
		<name>drone</name>
		<pose>Unspecified</pose>
		<truncated>0</truncated>
		<difficult>0</difficult>
		<occluded>0</occluded>
		<bndbox>
			<xmin>392</xmin>
			<xmax>436</xmax>
			<ymin>196</ymin>
			<ymax>228</ymax>
		</bndbox>
	</object>
	<object>
		<name>drone</name>
		<pose>Unspecified</pose>
		<truncated>0</truncated>
		<difficult>0</difficult>
		<occluded>0</occluded>
		<bndbox>
			<xmin>876</xmin>
			<xmax>915</xmax>
			<ymin>294</ymin>
			<ymax>312</ymax>
		</bndbox>
	</object>
</annotation>
