<annotation>
	<folder></folder>
	<filename>a--24-_JPEG.rf.91926fa78040fbdfe04a3e8b28d79f65.jpg</filename>
	<path>a--24-_JPEG.rf.91926fa78040fbdfe04a3e8b28d79f65.jpg</path>
	<source>
		<database>roboflow.ai</database>
	</source>
	<size>
		<width>1280</width>
		<height>720</height>
		<depth>3</depth>
	</size>
	<segmented>0</segmented>
	<object>
		<name>drone</name>
		<pose>Unspecified</pose>
		<truncated>0</truncated>
		<difficult>0</difficult>
		<occluded>0</occluded>
		<bndbox>
			<xmin>438</xmin>
			<xmax>495</xmax>
			<ymin>165</ymin>
			<ymax>197</ymax>
		</bndbox>
	</object>
	<object>
		<name>drone</name>
		<pose>Unspecified</pose>
		<truncated>0</truncated>
		<difficult>0</difficult>
		<occluded>0</occluded>
		<bndbox>
			<xmin>803</xmin>
			<xmax>842</xmax>
			<ymin>326</ymin>
			<ymax>350</ymax>
		</bndbox>
	</object>
</annotation>
