<annotation>
	<folder></folder>
	<filename>a--26-_JPEG.rf.141a5f5c24ed137e161e3c01d9a43ad8.jpg</filename>
	<path>a--26-_JPEG.rf.141a5f5c24ed137e161e3c01d9a43ad8.jpg</path>
	<source>
		<database>roboflow.ai</database>
	</source>
	<size>
		<width>1280</width>
		<height>720</height>
		<depth>3</depth>
	</size>
	<segmented>0</segmented>
	<object>
		<name>drone</name>
		<pose>Unspecified</pose>
		<truncated>0</truncated>
		<difficult>0</difficult>
		<occluded>0</occluded>
		<bndbox>
			<xmin>728</xmin>
			<xmax>780</xmax>
			<ymin>315</ymin>
			<ymax>345</ymax>
		</bndbox>
	</object>
	<object>
		<name>drone</name>
		<pose>Unspecified</pose>
		<truncated>0</truncated>
		<difficult>0</difficult>
		<occluded>0</occluded>
		<bndbox>
			<xmin>607</xmin>
			<xmax>634</xmax>
			<ymin>267</ymin>
			<ymax>286</ymax>
		</bndbox>
	</object>
</annotation>
