<annotation>
	<folder></folder>
	<filename>a--21-_JPEG.rf.e6d41a19b50b4b4b7aa80b8dc48e19e0.jpg</filename>
	<path>a--21-_JPEG.rf.e6d41a19b50b4b4b7aa80b8dc48e19e0.jpg</path>
	<source>
		<database>roboflow.ai</database>
	</source>
	<size>
		<width>1280</width>
		<height>720</height>
		<depth>3</depth>
	</size>
	<segmented>0</segmented>
	<object>
		<name>drone</name>
		<pose>Unspecified</pose>
		<truncated>0</truncated>
		<difficult>0</difficult>
		<occluded>0</occluded>
		<bndbox>
			<xmin>275</xmin>
			<xmax>487</xmax>
			<ymin>216</ymin>
			<ymax>316</ymax>
		</bndbox>
	</object>
</annotation>
