<annotation>
	<folder></folder>
	<filename>a--34-_JPEG.rf.dab69a2b77b5119646319e472f52c699.jpg</filename>
	<path>a--34-_JPEG.rf.dab69a2b77b5119646319e472f52c699.jpg</path>
	<source>
		<database>roboflow.ai</database>
	</source>
	<size>
		<width>1280</width>
		<height>720</height>
		<depth>3</depth>
	</size>
	<segmented>0</segmented>
	<object>
		<name>drone</name>
		<pose>Unspecified</pose>
		<truncated>0</truncated>
		<difficult>0</difficult>
		<occluded>0</occluded>
		<bndbox>
			<xmin>313</xmin>
			<xmax>362</xmax>
			<ymin>182</ymin>
			<ymax>205</ymax>
		</bndbox>
	</object>
	<object>
		<name>drone</name>
		<pose>Unspecified</pose>
		<truncated>0</truncated>
		<difficult>0</difficult>
		<occluded>0</occluded>
		<bndbox>
			<xmin>503</xmin>
			<xmax>533</xmax>
			<ymin>133</ymin>
			<ymax>148</ymax>
		</bndbox>
	</object>
</annotation>
