<annotation>
	<folder></folder>
	<filename>a--3-_JPEG.rf.a7725d4404667b3191fc50f9953baec3.jpg</filename>
	<path>a--3-_JPEG.rf.a7725d4404667b3191fc50f9953baec3.jpg</path>
	<source>
		<database>roboflow.ai</database>
	</source>
	<size>
		<width>3840</width>
		<height>2178</height>
		<depth>3</depth>
	</size>
	<segmented>0</segmented>
	<object>
		<name>drone</name>
		<pose>Unspecified</pose>
		<truncated>0</truncated>
		<difficult>0</difficult>
		<occluded>0</occluded>
		<bndbox>
			<xmin>2002</xmin>
			<xmax>2188</xmax>
			<ymin>34</ymin>
			<ymax>134</ymax>
		</bndbox>
	</object>
</annotation>
