<annotation>
	<folder></folder>
	<filename>a--32-_JPEG.rf.ded0da7ee8817d77c2cbfb9638e95aee.jpg</filename>
	<path>a--32-_JPEG.rf.ded0da7ee8817d77c2cbfb9638e95aee.jpg</path>
	<source>
		<database>roboflow.ai</database>
	</source>
	<size>
		<width>1280</width>
		<height>720</height>
		<depth>3</depth>
	</size>
	<segmented>0</segmented>
	<object>
		<name>drone</name>
		<pose>Unspecified</pose>
		<truncated>0</truncated>
		<difficult>0</difficult>
		<occluded>0</occluded>
		<bndbox>
			<xmin>851</xmin>
			<xmax>962</xmax>
			<ymin>140</ymin>
			<ymax>189</ymax>
		</bndbox>
	</object>
	<object>
		<name>drone</name>
		<pose>Unspecified</pose>
		<truncated>0</truncated>
		<difficult>0</difficult>
		<occluded>0</occluded>
		<bndbox>
			<xmin>1</xmin>
			<xmax>57</xmax>
			<ymin>19</ymin>
			<ymax>70</ymax>
		</bndbox>
	</object>
</annotation>
