<annotation>
	<folder></folder>
	<filename>a--30-_JPEG.rf.3415663ecfe031deede4dbd0259d5437.jpg</filename>
	<path>a--30-_JPEG.rf.3415663ecfe031deede4dbd0259d5437.jpg</path>
	<source>
		<database>roboflow.ai</database>
	</source>
	<size>
		<width>1280</width>
		<height>720</height>
		<depth>3</depth>
	</size>
	<segmented>0</segmented>
	<object>
		<name>drone</name>
		<pose>Unspecified</pose>
		<truncated>0</truncated>
		<difficult>0</difficult>
		<occluded>0</occluded>
		<bndbox>
			<xmin>192</xmin>
			<xmax>287</xmax>
			<ymin>199</ymin>
			<ymax>243</ymax>
		</bndbox>
	</object>
	<object>
		<name>drone</name>
		<pose>Unspecified</pose>
		<truncated>0</truncated>
		<difficult>0</difficult>
		<occluded>0</occluded>
		<bndbox>
			<xmin>796</xmin>
			<xmax>886</xmax>
			<ymin>173</ymin>
			<ymax>229</ymax>
		</bndbox>
	</object>
	<object>
		<name>drone</name>
		<pose>Unspecified</pose>
		<truncated>0</truncated>
		<difficult>0</difficult>
		<occluded>0</occluded>
		<bndbox>
			<xmin>1023</xmin>
			<xmax>1136</xmax>
			<ymin>170</ymin>
			<ymax>234</ymax>
		</bndbox>
	</object>
</annotation>
