<annotation>
	<folder></folder>
	<filename>a--33-_JPEG.rf.411fa4ccb386241008ce35dfda866312.jpg</filename>
	<path>a--33-_JPEG.rf.411fa4ccb386241008ce35dfda866312.jpg</path>
	<source>
		<database>roboflow.ai</database>
	</source>
	<size>
		<width>1280</width>
		<height>720</height>
		<depth>3</depth>
	</size>
	<segmented>0</segmented>
	<object>
		<name>drone</name>
		<pose>Unspecified</pose>
		<truncated>0</truncated>
		<difficult>0</difficult>
		<occluded>0</occluded>
		<bndbox>
			<xmin>818</xmin>
			<xmax>915</xmax>
			<ymin>171</ymin>
			<ymax>223</ymax>
		</bndbox>
	</object>
</annotation>
