<annotation>
	<folder></folder>
	<filename>a--31-_JPEG.rf.4dc63a653477c0f1ce2ea324d58a63e0.jpg</filename>
	<path>a--31-_JPEG.rf.4dc63a653477c0f1ce2ea324d58a63e0.jpg</path>
	<source>
		<database>roboflow.ai</database>
	</source>
	<size>
		<width>1280</width>
		<height>720</height>
		<depth>3</depth>
	</size>
	<segmented>0</segmented>
	<object>
		<name>drone</name>
		<pose>Unspecified</pose>
		<truncated>0</truncated>
		<difficult>0</difficult>
		<occluded>0</occluded>
		<bndbox>
			<xmin>185</xmin>
			<xmax>271</xmax>
			<ymin>205</ymin>
			<ymax>249</ymax>
		</bndbox>
	</object>
	<object>
		<name>drone</name>
		<pose>Unspecified</pose>
		<truncated>0</truncated>
		<difficult>0</difficult>
		<occluded>0</occluded>
		<bndbox>
			<xmin>787</xmin>
			<xmax>882</xmax>
			<ymin>186</ymin>
			<ymax>235</ymax>
		</bndbox>
	</object>
</annotation>
