<annotation>
	<folder></folder>
	<filename>a--39-_JPEG.rf.7e16fbb068af997897d7ae7a4bb2947f.jpg</filename>
	<path>a--39-_JPEG.rf.7e16fbb068af997897d7ae7a4bb2947f.jpg</path>
	<source>
		<database>roboflow.ai</database>
	</source>
	<size>
		<width>1280</width>
		<height>720</height>
		<depth>3</depth>
	</size>
	<segmented>0</segmented>
	<object>
		<name>drone</name>
		<pose>Unspecified</pose>
		<truncated>0</truncated>
		<difficult>0</difficult>
		<occluded>0</occluded>
		<bndbox>
			<xmin>739</xmin>
			<xmax>948</xmax>
			<ymin>262</ymin>
			<ymax>466</ymax>
		</bndbox>
	</object>
</annotation>
