<annotation>
	<folder></folder>
	<filename>a--35-_JPEG.rf.11cb5e058307fe8494e006664eaf66c1.jpg</filename>
	<path>a--35-_JPEG.rf.11cb5e058307fe8494e006664eaf66c1.jpg</path>
	<source>
		<database>roboflow.ai</database>
	</source>
	<size>
		<width>1280</width>
		<height>720</height>
		<depth>3</depth>
	</size>
	<segmented>0</segmented>
	<object>
		<name>drone</name>
		<pose>Unspecified</pose>
		<truncated>0</truncated>
		<difficult>0</difficult>
		<occluded>0</occluded>
		<bndbox>
			<xmin>52</xmin>
			<xmax>83</xmax>
			<ymin>152</ymin>
			<ymax>168</ymax>
		</bndbox>
	</object>
</annotation>
