<annotation>
	<folder></folder>
	<filename>a--38-_JPEG.rf.927ed7025b9a9bc35c18dc2df1474180.jpg</filename>
	<path>a--38-_JPEG.rf.927ed7025b9a9bc35c18dc2df1474180.jpg</path>
	<source>
		<database>roboflow.ai</database>
	</source>
	<size>
		<width>1280</width>
		<height>720</height>
		<depth>3</depth>
	</size>
	<segmented>0</segmented>
	<object>
		<name>drone</name>
		<pose>Unspecified</pose>
		<truncated>0</truncated>
		<difficult>0</difficult>
		<occluded>0</occluded>
		<bndbox>
			<xmin>824</xmin>
			<xmax>900</xmax>
			<ymin>237</ymin>
			<ymax>271</ymax>
		</bndbox>
	</object>
</annotation>
