<annotation>
	<folder></folder>
	<filename>a--47-_JPEG.rf.2ef3a01eaa058cfcd0eea8690d5ff5f2.jpg</filename>
	<path>a--47-_JPEG.rf.2ef3a01eaa058cfcd0eea8690d5ff5f2.jpg</path>
	<source>
		<database>roboflow.ai</database>
	</source>
	<size>
		<width>1280</width>
		<height>720</height>
		<depth>3</depth>
	</size>
	<segmented>0</segmented>
	<object>
		<name>drone</name>
		<pose>Unspecified</pose>
		<truncated>0</truncated>
		<difficult>0</difficult>
		<occluded>0</occluded>
		<bndbox>
			<xmin>668</xmin>
			<xmax>793</xmax>
			<ymin>324</ymin>
			<ymax>400</ymax>
		</bndbox>
	</object>
</annotation>
