<annotation>
	<folder></folder>
	<filename>a--40-_JPEG.rf.cafff3cfa627d5863c9bee5716c7abb3.jpg</filename>
	<path>a--40-_JPEG.rf.cafff3cfa627d5863c9bee5716c7abb3.jpg</path>
	<source>
		<database>roboflow.ai</database>
	</source>
	<size>
		<width>1280</width>
		<height>720</height>
		<depth>3</depth>
	</size>
	<segmented>0</segmented>
	<object>
		<name>drone</name>
		<pose>Unspecified</pose>
		<truncated>0</truncated>
		<difficult>0</difficult>
		<occluded>0</occluded>
		<bndbox>
			<xmin>744</xmin>
			<xmax>952</xmax>
			<ymin>251</ymin>
			<ymax>458</ymax>
		</bndbox>
	</object>
</annotation>
