<annotation>
	<folder></folder>
	<filename>a--41-_JPEG.rf.5010d29689651b2cf3691942dff90b9e.jpg</filename>
	<path>a--41-_JPEG.rf.5010d29689651b2cf3691942dff90b9e.jpg</path>
	<source>
		<database>roboflow.ai</database>
	</source>
	<size>
		<width>1280</width>
		<height>720</height>
		<depth>3</depth>
	</size>
	<segmented>0</segmented>
	<object>
		<name>drone</name>
		<pose>Unspecified</pose>
		<truncated>0</truncated>
		<difficult>0</difficult>
		<occluded>0</occluded>
		<bndbox>
			<xmin>622</xmin>
			<xmax>717</xmax>
			<ymin>251</ymin>
			<ymax>291</ymax>
		</bndbox>
	</object>
</annotation>
