<annotation>
	<folder></folder>
	<filename>a--45-_JPEG.rf.6817f455e4c0c54d1299b397d3c4b8a0.jpg</filename>
	<path>a--45-_JPEG.rf.6817f455e4c0c54d1299b397d3c4b8a0.jpg</path>
	<source>
		<database>roboflow.ai</database>
	</source>
	<size>
		<width>1280</width>
		<height>720</height>
		<depth>3</depth>
	</size>
	<segmented>0</segmented>
	<object>
		<name>drone</name>
		<pose>Unspecified</pose>
		<truncated>0</truncated>
		<difficult>0</difficult>
		<occluded>0</occluded>
		<bndbox>
			<xmin>670</xmin>
			<xmax>771</xmax>
			<ymin>146</ymin>
			<ymax>171</ymax>
		</bndbox>
	</object>
</annotation>
