<annotation>
	<folder></folder>
	<filename>a--42-_JPEG.rf.c64211d0d2b84d1db455ce783a941c83.jpg</filename>
	<path>a--42-_JPEG.rf.c64211d0d2b84d1db455ce783a941c83.jpg</path>
	<source>
		<database>roboflow.ai</database>
	</source>
	<size>
		<width>1280</width>
		<height>720</height>
		<depth>3</depth>
	</size>
	<segmented>0</segmented>
	<object>
		<name>drone</name>
		<pose>Unspecified</pose>
		<truncated>0</truncated>
		<difficult>0</difficult>
		<occluded>0</occluded>
		<bndbox>
			<xmin>682</xmin>
			<xmax>714</xmax>
			<ymin>308</ymin>
			<ymax>327</ymax>
		</bndbox>
	</object>
</annotation>
