<annotation>
	<folder></folder>
	<filename>a--44-_JPEG.rf.29c3bef823871b44600ba14812ec7feb.jpg</filename>
	<path>a--44-_JPEG.rf.29c3bef823871b44600ba14812ec7feb.jpg</path>
	<source>
		<database>roboflow.ai</database>
	</source>
	<size>
		<width>1280</width>
		<height>720</height>
		<depth>3</depth>
	</size>
	<segmented>0</segmented>
	<object>
		<name>drone</name>
		<pose>Unspecified</pose>
		<truncated>0</truncated>
		<difficult>0</difficult>
		<occluded>0</occluded>
		<bndbox>
			<xmin>640</xmin>
			<xmax>747</xmax>
			<ymin>196</ymin>
			<ymax>221</ymax>
		</bndbox>
	</object>
</annotation>
