<annotation>
	<folder></folder>
	<filename>a--49-_JPEG.rf.728db9232b54d7d54197593a3add4e20.jpg</filename>
	<path>a--49-_JPEG.rf.728db9232b54d7d54197593a3add4e20.jpg</path>
	<source>
		<database>roboflow.ai</database>
	</source>
	<size>
		<width>1280</width>
		<height>720</height>
		<depth>3</depth>
	</size>
	<segmented>0</segmented>
	<object>
		<name>drone</name>
		<pose>Unspecified</pose>
		<truncated>0</truncated>
		<difficult>0</difficult>
		<occluded>0</occluded>
		<bndbox>
			<xmin>596</xmin>
			<xmax>637</xmax>
			<ymin>251</ymin>
			<ymax>270</ymax>
		</bndbox>
	</object>
</annotation>
