<annotation>
	<folder></folder>
	<filename>a--48-_JPEG.rf.3c1896d32d1e2899f6a9cbd17cec7571.jpg</filename>
	<path>a--48-_JPEG.rf.3c1896d32d1e2899f6a9cbd17cec7571.jpg</path>
	<source>
		<database>roboflow.ai</database>
	</source>
	<size>
		<width>1280</width>
		<height>720</height>
		<depth>3</depth>
	</size>
	<segmented>0</segmented>
	<object>
		<name>drone</name>
		<pose>Unspecified</pose>
		<truncated>0</truncated>
		<difficult>0</difficult>
		<occluded>0</occluded>
		<bndbox>
			<xmin>593</xmin>
			<xmax>650</xmax>
			<ymin>268</ymin>
			<ymax>298</ymax>
		</bndbox>
	</object>
</annotation>
