<annotation>
	<folder></folder>
	<filename>a--43-_JPEG.rf.01d5263663c18e4d13bf78bb9e38e4b4.jpg</filename>
	<path>a--43-_JPEG.rf.01d5263663c18e4d13bf78bb9e38e4b4.jpg</path>
	<source>
		<database>roboflow.ai</database>
	</source>
	<size>
		<width>1280</width>
		<height>720</height>
		<depth>3</depth>
	</size>
	<segmented>0</segmented>
	<object>
		<name>drone</name>
		<pose>Unspecified</pose>
		<truncated>0</truncated>
		<difficult>0</difficult>
		<occluded>0</occluded>
		<bndbox>
			<xmin>617</xmin>
			<xmax>657</xmax>
			<ymin>253</ymin>
			<ymax>271</ymax>
		</bndbox>
	</object>
</annotation>
