<annotation>
	<folder></folder>
	<filename>a--4-_JPEG.rf.274c2984bd4dce2c2721ab7cea72fdbf.jpg</filename>
	<path>a--4-_JPEG.rf.274c2984bd4dce2c2721ab7cea72fdbf.jpg</path>
	<source>
		<database>roboflow.ai</database>
	</source>
	<size>
		<width>1280</width>
		<height>720</height>
		<depth>3</depth>
	</size>
	<segmented>0</segmented>
	<object>
		<name>drone</name>
		<pose>Unspecified</pose>
		<truncated>0</truncated>
		<difficult>0</difficult>
		<occluded>0</occluded>
		<bndbox>
			<xmin>265</xmin>
			<xmax>422</xmax>
			<ymin>414</ymin>
			<ymax>484</ymax>
		</bndbox>
	</object>
</annotation>
