<annotation>
	<folder></folder>
	<filename>a--46-_JPEG.rf.f7b70e303beae6e9d027af17e6d2797a.jpg</filename>
	<path>a--46-_JPEG.rf.f7b70e303beae6e9d027af17e6d2797a.jpg</path>
	<source>
		<database>roboflow.ai</database>
	</source>
	<size>
		<width>1280</width>
		<height>720</height>
		<depth>3</depth>
	</size>
	<segmented>0</segmented>
	<object>
		<name>drone</name>
		<pose>Unspecified</pose>
		<truncated>0</truncated>
		<difficult>0</difficult>
		<occluded>0</occluded>
		<bndbox>
			<xmin>708</xmin>
			<xmax>817</xmax>
			<ymin>282</ymin>
			<ymax>352</ymax>
		</bndbox>
	</object>
</annotation>
