<annotation>
	<folder></folder>
	<filename>a--56-_JPEG.rf.06557559475b5e46fa3fd45b1642497f.jpg</filename>
	<path>a--56-_JPEG.rf.06557559475b5e46fa3fd45b1642497f.jpg</path>
	<source>
		<database>roboflow.ai</database>
	</source>
	<size>
		<width>752</width>
		<height>480</height>
		<depth>3</depth>
	</size>
	<segmented>0</segmented>
	<object>
		<name>drone</name>
		<pose>Unspecified</pose>
		<truncated>0</truncated>
		<difficult>0</difficult>
		<occluded>0</occluded>
		<bndbox>
			<xmin>410</xmin>
			<xmax>440</xmax>
			<ymin>442</ymin>
			<ymax>459</ymax>
		</bndbox>
	</object>
</annotation>
