<annotation>
	<folder></folder>
	<filename>a--57-_JPEG.rf.35e1f25cf65547c341113b10ef351733.jpg</filename>
	<path>a--57-_JPEG.rf.35e1f25cf65547c341113b10ef351733.jpg</path>
	<source>
		<database>roboflow.ai</database>
	</source>
	<size>
		<width>640</width>
		<height>480</height>
		<depth>3</depth>
	</size>
	<segmented>0</segmented>
	<object>
		<name>drone</name>
		<pose>Unspecified</pose>
		<truncated>0</truncated>
		<difficult>0</difficult>
		<occluded>0</occluded>
		<bndbox>
			<xmin>127</xmin>
			<xmax>186</xmax>
			<ymin>128</ymin>
			<ymax>165</ymax>
		</bndbox>
	</object>
</annotation>
