<annotation>
	<folder></folder>
	<filename>a--58-_JPEG.rf.1285232610e1e6e49b2961d2dad5551d.jpg</filename>
	<path>a--58-_JPEG.rf.1285232610e1e6e49b2961d2dad5551d.jpg</path>
	<source>
		<database>roboflow.ai</database>
	</source>
	<size>
		<width>640</width>
		<height>480</height>
		<depth>3</depth>
	</size>
	<segmented>0</segmented>
	<object>
		<name>drone</name>
		<pose>Unspecified</pose>
		<truncated>0</truncated>
		<difficult>0</difficult>
		<occluded>0</occluded>
		<bndbox>
			<xmin>318</xmin>
			<xmax>370</xmax>
			<ymin>259</ymin>
			<ymax>283</ymax>
		</bndbox>
	</object>
</annotation>
