<annotation>
	<folder></folder>
	<filename>a--5-_JPEG.rf.e0fdd7db64418dbbccf3609ccc3eb8ba.jpg</filename>
	<path>a--5-_JPEG.rf.e0fdd7db64418dbbccf3609ccc3eb8ba.jpg</path>
	<source>
		<database>roboflow.ai</database>
	</source>
	<size>
		<width>1280</width>
		<height>720</height>
		<depth>3</depth>
	</size>
	<segmented>0</segmented>
	<object>
		<name>drone</name>
		<pose>Unspecified</pose>
		<truncated>0</truncated>
		<difficult>0</difficult>
		<occluded>0</occluded>
		<bndbox>
			<xmin>257</xmin>
			<xmax>418</xmax>
			<ymin>426</ymin>
			<ymax>510</ymax>
		</bndbox>
	</object>
</annotation>
