<annotation>
	<folder></folder>
	<filename>a--52-_JPEG.rf.a25d17da6483edb310a7278d5a3c4d82.jpg</filename>
	<path>a--52-_JPEG.rf.a25d17da6483edb310a7278d5a3c4d82.jpg</path>
	<source>
		<database>roboflow.ai</database>
	</source>
	<size>
		<width>1280</width>
		<height>720</height>
		<depth>3</depth>
	</size>
	<segmented>0</segmented>
	<object>
		<name>drone</name>
		<pose>Unspecified</pose>
		<truncated>0</truncated>
		<difficult>0</difficult>
		<occluded>0</occluded>
		<bndbox>
			<xmin>635</xmin>
			<xmax>660</xmax>
			<ymin>198</ymin>
			<ymax>212</ymax>
		</bndbox>
	</object>
</annotation>
