<annotation>
	<folder></folder>
	<filename>a--59-_JPEG.rf.7106cbc5be27d0f0156ae971fe4d0db3.jpg</filename>
	<path>a--59-_JPEG.rf.7106cbc5be27d0f0156ae971fe4d0db3.jpg</path>
	<source>
		<database>roboflow.ai</database>
	</source>
	<size>
		<width>640</width>
		<height>480</height>
		<depth>3</depth>
	</size>
	<segmented>0</segmented>
	<object>
		<name>drone</name>
		<pose>Unspecified</pose>
		<truncated>0</truncated>
		<difficult>0</difficult>
		<occluded>0</occluded>
		<bndbox>
			<xmin>327</xmin>
			<xmax>373</xmax>
			<ymin>272</ymin>
			<ymax>290</ymax>
		</bndbox>
	</object>
</annotation>
