<annotation>
	<folder></folder>
	<filename>a--6-_JPEG.rf.ee980c4683fec734a0e79777658f8799.jpg</filename>
	<path>a--6-_JPEG.rf.ee980c4683fec734a0e79777658f8799.jpg</path>
	<source>
		<database>roboflow.ai</database>
	</source>
	<size>
		<width>1280</width>
		<height>720</height>
		<depth>3</depth>
	</size>
	<segmented>0</segmented>
	<object>
		<name>drone</name>
		<pose>Unspecified</pose>
		<truncated>0</truncated>
		<difficult>0</difficult>
		<occluded>0</occluded>
		<bndbox>
			<xmin>140</xmin>
			<xmax>645</xmax>
			<ymin>261</ymin>
			<ymax>442</ymax>
		</bndbox>
	</object>
</annotation>
