<annotation>
	<folder></folder>
	<filename>a--68-_JPEG.rf.c9205d802ab2796030ce085f7a6b9fff.jpg</filename>
	<path>a--68-_JPEG.rf.c9205d802ab2796030ce085f7a6b9fff.jpg</path>
	<source>
		<database>roboflow.ai</database>
	</source>
	<size>
		<width>752</width>
		<height>480</height>
		<depth>3</depth>
	</size>
	<segmented>0</segmented>
	<object>
		<name>drone</name>
		<pose>Unspecified</pose>
		<truncated>0</truncated>
		<difficult>0</difficult>
		<occluded>0</occluded>
		<bndbox>
			<xmin>109</xmin>
			<xmax>132</xmax>
			<ymin>52</ymin>
			<ymax>68</ymax>
		</bndbox>
	</object>
</annotation>
