<annotation>
	<folder></folder>
	<filename>a--60-_JPEG.rf.e51a3789696cff3b8b211d6e872017b1.jpg</filename>
	<path>a--60-_JPEG.rf.e51a3789696cff3b8b211d6e872017b1.jpg</path>
	<source>
		<database>roboflow.ai</database>
	</source>
	<size>
		<width>640</width>
		<height>480</height>
		<depth>3</depth>
	</size>
	<segmented>0</segmented>
	<object>
		<name>drone</name>
		<pose>Unspecified</pose>
		<truncated>0</truncated>
		<difficult>0</difficult>
		<occluded>0</occluded>
		<bndbox>
			<xmin>335</xmin>
			<xmax>385</xmax>
			<ymin>272</ymin>
			<ymax>290</ymax>
		</bndbox>
	</object>
</annotation>
