<annotation>
	<folder></folder>
	<filename>a--66-_JPEG.rf.c0717eca220364e9fa6ffee6a0fb9716.jpg</filename>
	<path>a--66-_JPEG.rf.c0717eca220364e9fa6ffee6a0fb9716.jpg</path>
	<source>
		<database>roboflow.ai</database>
	</source>
	<size>
		<width>1280</width>
		<height>720</height>
		<depth>3</depth>
	</size>
	<segmented>0</segmented>
	<object>
		<name>drone</name>
		<pose>Unspecified</pose>
		<truncated>0</truncated>
		<difficult>0</difficult>
		<occluded>0</occluded>
		<bndbox>
			<xmin>568</xmin>
			<xmax>1281</xmax>
			<ymin>69</ymin>
			<ymax>374</ymax>
		</bndbox>
	</object>
</annotation>
