<annotation>
	<folder></folder>
	<filename>a--69-_JPEG.rf.64af2d00e8ae440404009a069311a9c1.jpg</filename>
	<path>a--69-_JPEG.rf.64af2d00e8ae440404009a069311a9c1.jpg</path>
	<source>
		<database>roboflow.ai</database>
	</source>
	<size>
		<width>1280</width>
		<height>720</height>
		<depth>3</depth>
	</size>
	<segmented>0</segmented>
	<object>
		<name>drone</name>
		<pose>Unspecified</pose>
		<truncated>0</truncated>
		<difficult>0</difficult>
		<occluded>0</occluded>
		<bndbox>
			<xmin>528</xmin>
			<xmax>594</xmax>
			<ymin>269</ymin>
			<ymax>310</ymax>
		</bndbox>
	</object>
</annotation>
