<annotation>
	<folder></folder>
	<filename>a--64-_JPEG.rf.9c27edb69c49e5a68c91a10147835878.jpg</filename>
	<path>a--64-_JPEG.rf.9c27edb69c49e5a68c91a10147835878.jpg</path>
	<source>
		<database>roboflow.ai</database>
	</source>
	<size>
		<width>1280</width>
		<height>720</height>
		<depth>3</depth>
	</size>
	<segmented>0</segmented>
	<object>
		<name>drone</name>
		<pose>Unspecified</pose>
		<truncated>0</truncated>
		<difficult>0</difficult>
		<occluded>0</occluded>
		<bndbox>
			<xmin>355</xmin>
			<xmax>913</xmax>
			<ymin>111</ymin>
			<ymax>527</ymax>
		</bndbox>
	</object>
</annotation>
