<annotation>
	<folder></folder>
	<filename>a--65-_JPEG.rf.43b4502c3b085f84dfdb9ab84559aa79.jpg</filename>
	<path>a--65-_JPEG.rf.43b4502c3b085f84dfdb9ab84559aa79.jpg</path>
	<source>
		<database>roboflow.ai</database>
	</source>
	<size>
		<width>1280</width>
		<height>720</height>
		<depth>3</depth>
	</size>
	<segmented>0</segmented>
	<object>
		<name>drone</name>
		<pose>Unspecified</pose>
		<truncated>0</truncated>
		<difficult>0</difficult>
		<occluded>0</occluded>
		<bndbox>
			<xmin>340</xmin>
			<xmax>1267</xmax>
			<ymin>4</ymin>
			<ymax>548</ymax>
		</bndbox>
	</object>
</annotation>
