<annotation>
	<folder></folder>
	<filename>a--62-_JPEG.rf.4a973bca6ca7d9aec64ba65f2998bb83.jpg</filename>
	<path>a--62-_JPEG.rf.4a973bca6ca7d9aec64ba65f2998bb83.jpg</path>
	<source>
		<database>roboflow.ai</database>
	</source>
	<size>
		<width>1280</width>
		<height>720</height>
		<depth>3</depth>
	</size>
	<segmented>0</segmented>
	<object>
		<name>drone</name>
		<pose>Unspecified</pose>
		<truncated>0</truncated>
		<difficult>0</difficult>
		<occluded>0</occluded>
		<bndbox>
			<xmin>363</xmin>
			<xmax>932</xmax>
			<ymin>82</ymin>
			<ymax>548</ymax>
		</bndbox>
	</object>
</annotation>
