<annotation>
	<folder></folder>
	<filename>a--63-_JPEG.rf.fbf1fe842aaaf7d1f40c1e44a2ac492f.jpg</filename>
	<path>a--63-_JPEG.rf.fbf1fe842aaaf7d1f40c1e44a2ac492f.jpg</path>
	<source>
		<database>roboflow.ai</database>
	</source>
	<size>
		<width>1280</width>
		<height>720</height>
		<depth>3</depth>
	</size>
	<segmented>0</segmented>
	<object>
		<name>drone</name>
		<pose>Unspecified</pose>
		<truncated>0</truncated>
		<difficult>0</difficult>
		<occluded>0</occluded>
		<bndbox>
			<xmin>342</xmin>
			<xmax>919</xmax>
			<ymin>100</ymin>
			<ymax>537</ymax>
		</bndbox>
	</object>
</annotation>
