<annotation>
	<folder></folder>
	<filename>a--72-_JPEG.rf.3021bdac5b03ea013364cf838194d3f7.jpg</filename>
	<path>a--72-_JPEG.rf.3021bdac5b03ea013364cf838194d3f7.jpg</path>
	<source>
		<database>roboflow.ai</database>
	</source>
	<size>
		<width>1280</width>
		<height>720</height>
		<depth>3</depth>
	</size>
	<segmented>0</segmented>
	<object>
		<name>drone</name>
		<pose>Unspecified</pose>
		<truncated>0</truncated>
		<difficult>0</difficult>
		<occluded>0</occluded>
		<bndbox>
			<xmin>1</xmin>
			<xmax>212</xmax>
			<ymin>1</ymin>
			<ymax>147</ymax>
		</bndbox>
	</object>
</annotation>
