<annotation>
	<folder></folder>
	<filename>a--74-_JPEG.rf.e108ff4d5a99a89f9e2ecd1fe6853502.jpg</filename>
	<path>a--74-_JPEG.rf.e108ff4d5a99a89f9e2ecd1fe6853502.jpg</path>
	<source>
		<database>roboflow.ai</database>
	</source>
	<size>
		<width>1280</width>
		<height>720</height>
		<depth>3</depth>
	</size>
	<segmented>0</segmented>
	<object>
		<name>drone</name>
		<pose>Unspecified</pose>
		<truncated>0</truncated>
		<difficult>0</difficult>
		<occluded>0</occluded>
		<bndbox>
			<xmin>172</xmin>
			<xmax>231</xmax>
			<ymin>392</ymin>
			<ymax>419</ymax>
		</bndbox>
	</object>
</annotation>
