<annotation>
	<folder></folder>
	<filename>a--71-_JPEG.rf.df0687cccc4c3b8c03b0f97ace9e4695.jpg</filename>
	<path>a--71-_JPEG.rf.df0687cccc4c3b8c03b0f97ace9e4695.jpg</path>
	<source>
		<database>roboflow.ai</database>
	</source>
	<size>
		<width>1280</width>
		<height>720</height>
		<depth>3</depth>
	</size>
	<segmented>0</segmented>
	<object>
		<name>drone</name>
		<pose>Unspecified</pose>
		<truncated>0</truncated>
		<difficult>0</difficult>
		<occluded>0</occluded>
		<bndbox>
			<xmin>121</xmin>
			<xmax>362</xmax>
			<ymin>98</ymin>
			<ymax>270</ymax>
		</bndbox>
	</object>
</annotation>
