<annotation>
	<folder></folder>
	<filename>a--70-_JPEG.rf.71509351f8aafdbbd276ab106dbbdeff.jpg</filename>
	<path>a--70-_JPEG.rf.71509351f8aafdbbd276ab106dbbdeff.jpg</path>
	<source>
		<database>roboflow.ai</database>
	</source>
	<size>
		<width>1280</width>
		<height>720</height>
		<depth>3</depth>
	</size>
	<segmented>0</segmented>
	<object>
		<name>drone</name>
		<pose>Unspecified</pose>
		<truncated>0</truncated>
		<difficult>0</difficult>
		<occluded>0</occluded>
		<bndbox>
			<xmin>289</xmin>
			<xmax>494</xmax>
			<ymin>259</ymin>
			<ymax>374</ymax>
		</bndbox>
	</object>
	<object>
		<name>drone</name>
		<pose>Unspecified</pose>
		<truncated>0</truncated>
		<difficult>0</difficult>
		<occluded>0</occluded>
		<bndbox>
			<xmin>600</xmin>
			<xmax>714</xmax>
			<ymin>74</ymin>
			<ymax>144</ymax>
		</bndbox>
	</object>
</annotation>
