<annotation>
	<folder></folder>
	<filename>a--7-_JPEG.rf.44ca4f2f1881357927c58270bb1b4e3e.jpg</filename>
	<path>a--7-_JPEG.rf.44ca4f2f1881357927c58270bb1b4e3e.jpg</path>
	<source>
		<database>roboflow.ai</database>
	</source>
	<size>
		<width>1280</width>
		<height>720</height>
		<depth>3</depth>
	</size>
	<segmented>0</segmented>
	<object>
		<name>drone</name>
		<pose>Unspecified</pose>
		<truncated>0</truncated>
		<difficult>0</difficult>
		<occluded>0</occluded>
		<bndbox>
			<xmin>152</xmin>
			<xmax>656</xmax>
			<ymin>274</ymin>
			<ymax>478</ymax>
		</bndbox>
	</object>
</annotation>
