<annotation>
	<folder></folder>
	<filename>a--8-_JPEG.rf.1241ff225bb3ffa464a390479b741f7a.jpg</filename>
	<path>a--8-_JPEG.rf.1241ff225bb3ffa464a390479b741f7a.jpg</path>
	<source>
		<database>roboflow.ai</database>
	</source>
	<size>
		<width>1280</width>
		<height>720</height>
		<depth>3</depth>
	</size>
	<segmented>0</segmented>
	<object>
		<name>drone</name>
		<pose>Unspecified</pose>
		<truncated>0</truncated>
		<difficult>0</difficult>
		<occluded>0</occluded>
		<bndbox>
			<xmin>578</xmin>
			<xmax>695</xmax>
			<ymin>260</ymin>
			<ymax>311</ymax>
		</bndbox>
	</object>
</annotation>
