<annotation>
	<folder></folder>
	<filename>a--9-_JPEG.rf.b60cf7c733b7df5f0728b3b9ae42c8ec.jpg</filename>
	<path>a--9-_JPEG.rf.b60cf7c733b7df5f0728b3b9ae42c8ec.jpg</path>
	<source>
		<database>roboflow.ai</database>
	</source>
	<size>
		<width>1280</width>
		<height>720</height>
		<depth>3</depth>
	</size>
	<segmented>0</segmented>
	<object>
		<name>drone</name>
		<pose>Unspecified</pose>
		<truncated>0</truncated>
		<difficult>0</difficult>
		<occluded>0</occluded>
		<bndbox>
			<xmin>586</xmin>
			<xmax>712</xmax>
			<ymin>266</ymin>
			<ymax>314</ymax>
		</bndbox>
	</object>
</annotation>
