<annotation>
	<folder></folder>
	<filename>b_JPEG.rf.c427ff6b948cd0150ceed400d19eef44.jpg</filename>
	<path>b_JPEG.rf.c427ff6b948cd0150ceed400d19eef44.jpg</path>
	<source>
		<database>roboflow.ai</database>
	</source>
	<size>
		<width>1920</width>
		<height>1090</height>
		<depth>3</depth>
	</size>
	<segmented>0</segmented>
	<object>
		<name>drone</name>
		<pose>Unspecified</pose>
		<truncated>0</truncated>
		<difficult>0</difficult>
		<occluded>0</occluded>
		<bndbox>
			<xmin>1157</xmin>
			<xmax>1595</xmax>
			<ymin>195</ymin>
			<ymax>652</ymax>
		</bndbox>
	</object>
	<object>
		<name>drone</name>
		<pose>Unspecified</pose>
		<truncated>0</truncated>
		<difficult>0</difficult>
		<occluded>0</occluded>
		<bndbox>
			<xmin>943</xmin>
			<xmax>1165</xmax>
			<ymin>477</ymin>
			<ymax>701</ymax>
		</bndbox>
	</object>
</annotation>
