<annotation>
	<folder></folder>
	<filename>c--1-_png.rf.68df4d12101e5e47683d1f9680875c2b.jpg</filename>
	<path>c--1-_png.rf.68df4d12101e5e47683d1f9680875c2b.jpg</path>
	<source>
		<database>roboflow.ai</database>
	</source>
	<size>
		<width>1280</width>
		<height>720</height>
		<depth>3</depth>
	</size>
	<segmented>0</segmented>
	<object>
		<name>drone</name>
		<pose>Unspecified</pose>
		<truncated>0</truncated>
		<difficult>0</difficult>
		<occluded>0</occluded>
		<bndbox>
			<xmin>359</xmin>
			<xmax>878</xmax>
			<ymin>255</ymin>
			<ymax>483</ymax>
		</bndbox>
	</object>
</annotation>
