<annotation>
	<folder></folder>
	<filename>c--2-_jpg.rf.0ffdc27b3ecebd6d22e53787a09cd77d.jpg</filename>
	<path>c--2-_jpg.rf.0ffdc27b3ecebd6d22e53787a09cd77d.jpg</path>
	<source>
		<database>roboflow.ai</database>
	</source>
	<size>
		<width>1280</width>
		<height>892</height>
		<depth>3</depth>
	</size>
	<segmented>0</segmented>
	<object>
		<name>drone</name>
		<pose>Unspecified</pose>
		<truncated>0</truncated>
		<difficult>0</difficult>
		<occluded>0</occluded>
		<bndbox>
			<xmin>23</xmin>
			<xmax>1186</xmax>
			<ymin>31</ymin>
			<ymax>893</ymax>
		</bndbox>
	</object>
</annotation>
