<annotation>
	<folder></folder>
	<filename>c--2-_png.rf.b757380d30ac85d5ee986856b4f4e9ff.jpg</filename>
	<path>c--2-_png.rf.b757380d30ac85d5ee986856b4f4e9ff.jpg</path>
	<source>
		<database>roboflow.ai</database>
	</source>
	<size>
		<width>1280</width>
		<height>720</height>
		<depth>3</depth>
	</size>
	<segmented>0</segmented>
	<object>
		<name>drone</name>
		<pose>Unspecified</pose>
		<truncated>0</truncated>
		<difficult>0</difficult>
		<occluded>0</occluded>
		<bndbox>
			<xmin>248</xmin>
			<xmax>792</xmax>
			<ymin>15</ymin>
			<ymax>311</ymax>
		</bndbox>
	</object>
</annotation>
