<annotation>
	<folder></folder>
	<filename>c--3-_png.rf.ce85a80a1a93c9b6cf426c67716ed4b2.jpg</filename>
	<path>c--3-_png.rf.ce85a80a1a93c9b6cf426c67716ed4b2.jpg</path>
	<source>
		<database>roboflow.ai</database>
	</source>
	<size>
		<width>1280</width>
		<height>720</height>
		<depth>3</depth>
	</size>
	<segmented>0</segmented>
	<object>
		<name>drone</name>
		<pose>Unspecified</pose>
		<truncated>0</truncated>
		<difficult>0</difficult>
		<occluded>0</occluded>
		<bndbox>
			<xmin>277</xmin>
			<xmax>1052</xmax>
			<ymin>190</ymin>
			<ymax>496</ymax>
		</bndbox>
	</object>
</annotation>
