<annotation>
	<folder></folder>
	<filename>c--3-_jpg.rf.707510a340b14ec5989995b4bd471b56.jpg</filename>
	<path>c--3-_jpg.rf.707510a340b14ec5989995b4bd471b56.jpg</path>
	<source>
		<database>roboflow.ai</database>
	</source>
	<size>
		<width>1200</width>
		<height>801</height>
		<depth>3</depth>
	</size>
	<segmented>0</segmented>
	<object>
		<name>drone</name>
		<pose>Unspecified</pose>
		<truncated>0</truncated>
		<difficult>0</difficult>
		<occluded>0</occluded>
		<bndbox>
			<xmin>62</xmin>
			<xmax>770</xmax>
			<ymin>250</ymin>
			<ymax>723</ymax>
		</bndbox>
	</object>
</annotation>
