<annotation>
	<folder></folder>
	<filename>c--4-_png.rf.92a50c2e20ef6962b6c5a32cb5b81022.jpg</filename>
	<path>c--4-_png.rf.92a50c2e20ef6962b6c5a32cb5b81022.jpg</path>
	<source>
		<database>roboflow.ai</database>
	</source>
	<size>
		<width>1280</width>
		<height>720</height>
		<depth>3</depth>
	</size>
	<segmented>0</segmented>
	<object>
		<name>drone</name>
		<pose>Unspecified</pose>
		<truncated>0</truncated>
		<difficult>0</difficult>
		<occluded>0</occluded>
		<bndbox>
			<xmin>620</xmin>
			<xmax>669</xmax>
			<ymin>272</ymin>
			<ymax>323</ymax>
		</bndbox>
	</object>
</annotation>
