<annotation>
	<folder></folder>
	<filename>c--5-_png.rf.55ee3738fae6c9a297ca124408a08d7f.jpg</filename>
	<path>c--5-_png.rf.55ee3738fae6c9a297ca124408a08d7f.jpg</path>
	<source>
		<database>roboflow.ai</database>
	</source>
	<size>
		<width>1280</width>
		<height>720</height>
		<depth>3</depth>
	</size>
	<segmented>0</segmented>
	<object>
		<name>drone</name>
		<pose>Unspecified</pose>
		<truncated>0</truncated>
		<difficult>0</difficult>
		<occluded>0</occluded>
		<bndbox>
			<xmin>312</xmin>
			<xmax>774</xmax>
			<ymin>196</ymin>
			<ymax>371</ymax>
		</bndbox>
	</object>
</annotation>
