<annotation>
	<folder></folder>
	<filename>c--6-_png.rf.1bb758c44bf1df500d8c71b7fd5285cf.jpg</filename>
	<path>c--6-_png.rf.1bb758c44bf1df500d8c71b7fd5285cf.jpg</path>
	<source>
		<database>roboflow.ai</database>
	</source>
	<size>
		<width>1280</width>
		<height>720</height>
		<depth>3</depth>
	</size>
	<segmented>0</segmented>
	<object>
		<name>drone</name>
		<pose>Unspecified</pose>
		<truncated>0</truncated>
		<difficult>0</difficult>
		<occluded>0</occluded>
		<bndbox>
			<xmin>712</xmin>
			<xmax>893</xmax>
			<ymin>195</ymin>
			<ymax>263</ymax>
		</bndbox>
	</object>
</annotation>
