<annotation>
	<folder></folder>
	<filename>c--7-_png.rf.a115e850239ef44fa5983a8ed119480d.jpg</filename>
	<path>c--7-_png.rf.a115e850239ef44fa5983a8ed119480d.jpg</path>
	<source>
		<database>roboflow.ai</database>
	</source>
	<size>
		<width>1280</width>
		<height>720</height>
		<depth>3</depth>
	</size>
	<segmented>0</segmented>
	<object>
		<name>drone</name>
		<pose>Unspecified</pose>
		<truncated>0</truncated>
		<difficult>0</difficult>
		<occluded>0</occluded>
		<bndbox>
			<xmin>459</xmin>
			<xmax>705</xmax>
			<ymin>155</ymin>
			<ymax>349</ymax>
		</bndbox>
	</object>
</annotation>
