<annotation>
	<folder></folder>
	<filename>img-off-1600_jpg.rf.6f6f5b7dca5d1f3ad9b994299bca3498.jpg</filename>
	<path>img-off-1600_jpg.rf.6f6f5b7dca5d1f3ad9b994299bca3498.jpg</path>
	<source>
		<database>roboflow.ai</database>
	</source>
	<size>
		<width>1280</width>
		<height>720</height>
		<depth>3</depth>
	</size>
	<segmented>0</segmented>
	<object>
		<name>drone</name>
		<pose>Unspecified</pose>
		<truncated>0</truncated>
		<difficult>0</difficult>
		<occluded>0</occluded>
		<bndbox>
			<xmin>359</xmin>
			<xmax>638</xmax>
			<ymin>130</ymin>
			<ymax>223</ymax>
		</bndbox>
	</object>
</annotation>
