<annotation>
	<folder></folder>
	<filename>img-8670_jpg.rf.77f5f96513cbe258a700bfb1c24f7564.jpg</filename>
	<path>img-8670_jpg.rf.77f5f96513cbe258a700bfb1c24f7564.jpg</path>
	<source>
		<database>roboflow.ai</database>
	</source>
	<size>
		<width>1280</width>
		<height>720</height>
		<depth>3</depth>
	</size>
	<segmented>0</segmented>
	<object>
		<name>drone</name>
		<pose>Unspecified</pose>
		<truncated>0</truncated>
		<difficult>0</difficult>
		<occluded>0</occluded>
		<bndbox>
			<xmin>243</xmin>
			<xmax>476</xmax>
			<ymin>334</ymin>
			<ymax>444</ymax>
		</bndbox>
	</object>
	<object>
		<name>drone</name>
		<pose>Unspecified</pose>
		<truncated>0</truncated>
		<difficult>0</difficult>
		<occluded>0</occluded>
		<bndbox>
			<xmin>501</xmin>
			<xmax>717</xmax>
			<ymin>341</ymin>
			<ymax>453</ymax>
		</bndbox>
	</object>
	<object>
		<name>drone</name>
		<pose>Unspecified</pose>
		<truncated>0</truncated>
		<difficult>0</difficult>
		<occluded>0</occluded>
		<bndbox>
			<xmin>741</xmin>
			<xmax>962</xmax>
			<ymin>331</ymin>
			<ymax>448</ymax>
		</bndbox>
	</object>
	<object>
		<name>drone</name>
		<pose>Unspecified</pose>
		<truncated>0</truncated>
		<difficult>0</difficult>
		<occluded>0</occluded>
		<bndbox>
			<xmin>992</xmin>
			<xmax>1209</xmax>
			<ymin>328</ymin>
			<ymax>455</ymax>
		</bndbox>
	</object>
</annotation>
