<annotation>
	<folder></folder>
	<filename>img-14710_jpg.rf.d9fd6221762f827e8d208be2d5acf7bd.jpg</filename>
	<path>img-14710_jpg.rf.d9fd6221762f827e8d208be2d5acf7bd.jpg</path>
	<source>
		<database>roboflow.ai</database>
	</source>
	<size>
		<width>1280</width>
		<height>720</height>
		<depth>3</depth>
	</size>
	<segmented>0</segmented>
	<object>
		<name>drone</name>
		<pose>Unspecified</pose>
		<truncated>0</truncated>
		<difficult>0</difficult>
		<occluded>0</occluded>
		<bndbox>
			<xmin>1</xmin>
			<xmax>1281</xmax>
			<ymin>171</ymin>
			<ymax>631</ymax>
		</bndbox>
	</object>
</annotation>
