<annotation>
	<folder></folder>
	<filename>img-12570_jpg.rf.002dc3d70da6a418e313ddf79f7b8f85.jpg</filename>
	<path>img-12570_jpg.rf.002dc3d70da6a418e313ddf79f7b8f85.jpg</path>
	<source>
		<database>roboflow.ai</database>
	</source>
	<size>
		<width>1280</width>
		<height>720</height>
		<depth>3</depth>
	</size>
	<segmented>0</segmented>
	<object>
		<name>drone</name>
		<pose>Unspecified</pose>
		<truncated>0</truncated>
		<difficult>0</difficult>
		<occluded>0</occluded>
		<bndbox>
			<xmin>839</xmin>
			<xmax>1278</xmax>
			<ymin>592</ymin>
			<ymax>721</ymax>
		</bndbox>
	</object>
</annotation>
