<annotation>
	<folder></folder>
	<filename>img-12510_jpg.rf.8c48e52776e6ece079c989a2494f7a53.jpg</filename>
	<path>img-12510_jpg.rf.8c48e52776e6ece079c989a2494f7a53.jpg</path>
	<source>
		<database>roboflow.ai</database>
	</source>
	<size>
		<width>1280</width>
		<height>720</height>
		<depth>3</depth>
	</size>
	<segmented>0</segmented>
	<object>
		<name>drone</name>
		<pose>Unspecified</pose>
		<truncated>0</truncated>
		<difficult>0</difficult>
		<occluded>0</occluded>
		<bndbox>
			<xmin>596</xmin>
			<xmax>991</xmax>
			<ymin>343</ymin>
			<ymax>507</ymax>
		</bndbox>
	</object>
</annotation>
