<annotation>
	<folder></folder>
	<filename>img-12040_jpg.rf.257fd6d0a600ede3f05b300cb7bdf7ad.jpg</filename>
	<path>img-12040_jpg.rf.257fd6d0a600ede3f05b300cb7bdf7ad.jpg</path>
	<source>
		<database>roboflow.ai</database>
	</source>
	<size>
		<width>1280</width>
		<height>720</height>
		<depth>3</depth>
	</size>
	<segmented>0</segmented>
	<object>
		<name>drone</name>
		<pose>Unspecified</pose>
		<truncated>0</truncated>
		<difficult>0</difficult>
		<occluded>0</occluded>
		<bndbox>
			<xmin>914</xmin>
			<xmax>1261</xmax>
			<ymin>594</ymin>
			<ymax>714</ymax>
		</bndbox>
	</object>
</annotation>
