<annotation>
	<folder></folder>
	<filename>img-12770_jpg.rf.7c4f6a9d7abaa1771db4d4c785edd9c2.jpg</filename>
	<path>img-12770_jpg.rf.7c4f6a9d7abaa1771db4d4c785edd9c2.jpg</path>
	<source>
		<database>roboflow.ai</database>
	</source>
	<size>
		<width>1280</width>
		<height>720</height>
		<depth>3</depth>
	</size>
	<segmented>0</segmented>
	<object>
		<name>drone</name>
		<pose>Unspecified</pose>
		<truncated>0</truncated>
		<difficult>0</difficult>
		<occluded>0</occluded>
		<bndbox>
			<xmin>273</xmin>
			<xmax>978</xmax>
			<ymin>166</ymin>
			<ymax>488</ymax>
		</bndbox>
	</object>
</annotation>
