<annotation>
	<folder></folder>
	<filename>img-off-1220_jpg.rf.592dd4a48a917121c6f9b2ab018a5976.jpg</filename>
	<path>img-off-1220_jpg.rf.592dd4a48a917121c6f9b2ab018a5976.jpg</path>
	<source>
		<database>roboflow.ai</database>
	</source>
	<size>
		<width>1280</width>
		<height>720</height>
		<depth>3</depth>
	</size>
	<segmented>0</segmented>
	<object>
		<name>drone</name>
		<pose>Unspecified</pose>
		<truncated>0</truncated>
		<difficult>0</difficult>
		<occluded>0</occluded>
		<bndbox>
			<xmin>279</xmin>
			<xmax>619</xmax>
			<ymin>211</ymin>
			<ymax>362</ymax>
		</bndbox>
	</object>
</annotation>
