<annotation>
	<folder></folder>
	<filename>img-30_jpg.rf.6f2877f266b77fbde69d5130c9670188.jpg</filename>
	<path>img-30_jpg.rf.6f2877f266b77fbde69d5130c9670188.jpg</path>
	<source>
		<database>roboflow.ai</database>
	</source>
	<size>
		<width>1280</width>
		<height>720</height>
		<depth>3</depth>
	</size>
	<segmented>0</segmented>
	<object>
		<name>drone</name>
		<pose>Unspecified</pose>
		<truncated>0</truncated>
		<difficult>0</difficult>
		<occluded>0</occluded>
		<bndbox>
			<xmin>2</xmin>
			<xmax>1281</xmax>
			<ymin>9</ymin>
			<ymax>657</ymax>
		</bndbox>
	</object>
</annotation>
