<annotation>
	<folder></folder>
	<filename>img-4460_jpg.rf.469830ffc48b9cc893854c43c9987d1b.jpg</filename>
	<path>img-4460_jpg.rf.469830ffc48b9cc893854c43c9987d1b.jpg</path>
	<source>
		<database>roboflow.ai</database>
	</source>
	<size>
		<width>1280</width>
		<height>720</height>
		<depth>3</depth>
	</size>
	<segmented>0</segmented>
	<object>
		<name>drone</name>
		<pose>Unspecified</pose>
		<truncated>0</truncated>
		<difficult>0</difficult>
		<occluded>0</occluded>
		<bndbox>
			<xmin>998</xmin>
			<xmax>1281</xmax>
			<ymin>270</ymin>
			<ymax>608</ymax>
		</bndbox>
	</object>
</annotation>
