<annotation>
	<folder></folder>
	<filename>img-off-2-240_jpg.rf.70a34d3973b18ce3f0a01daca457558a.jpg</filename>
	<path>img-off-2-240_jpg.rf.70a34d3973b18ce3f0a01daca457558a.jpg</path>
	<source>
		<database>roboflow.ai</database>
	</source>
	<size>
		<width>1280</width>
		<height>720</height>
		<depth>3</depth>
	</size>
	<segmented>0</segmented>
	<object>
		<name>drone</name>
		<pose>Unspecified</pose>
		<truncated>0</truncated>
		<difficult>0</difficult>
		<occluded>0</occluded>
		<bndbox>
			<xmin>462</xmin>
			<xmax>1022</xmax>
			<ymin>257</ymin>
			<ymax>721</ymax>
		</bndbox>
	</object>
</annotation>
