<annotation>
	<folder></folder>
	<filename>img-18570_jpg.rf.5042b2f2a5d730818775d79fb2f4afb7.jpg</filename>
	<path>img-18570_jpg.rf.5042b2f2a5d730818775d79fb2f4afb7.jpg</path>
	<source>
		<database>roboflow.ai</database>
	</source>
	<size>
		<width>1280</width>
		<height>720</height>
		<depth>3</depth>
	</size>
	<segmented>0</segmented>
	<object>
		<name>drone</name>
		<pose>Unspecified</pose>
		<truncated>0</truncated>
		<difficult>0</difficult>
		<occluded>0</occluded>
		<bndbox>
			<xmin>80</xmin>
			<xmax>1154</xmax>
			<ymin>145</ymin>
			<ymax>616</ymax>
		</bndbox>
	</object>
</annotation>
