<annotation>
	<folder></folder>
	<filename>img-1470_jpg.rf.b5f3613e07c8d1f9b514041335638813.jpg</filename>
	<path>img-1470_jpg.rf.b5f3613e07c8d1f9b514041335638813.jpg</path>
	<source>
		<database>roboflow.ai</database>
	</source>
	<size>
		<width>1280</width>
		<height>720</height>
		<depth>3</depth>
	</size>
	<segmented>0</segmented>
	<object>
		<name>drone</name>
		<pose>Unspecified</pose>
		<truncated>0</truncated>
		<difficult>0</difficult>
		<occluded>0</occluded>
		<bndbox>
			<xmin>528</xmin>
			<xmax>1067</xmax>
			<ymin>185</ymin>
			<ymax>452</ymax>
		</bndbox>
	</object>
</annotation>
