<annotation>
	<folder></folder>
	<filename>img-11710_jpg.rf.bb0d2954ffea8b4b8f4df0a8e4805485.jpg</filename>
	<path>img-11710_jpg.rf.bb0d2954ffea8b4b8f4df0a8e4805485.jpg</path>
	<source>
		<database>roboflow.ai</database>
	</source>
	<size>
		<width>1280</width>
		<height>720</height>
		<depth>3</depth>
	</size>
	<segmented>0</segmented>
	<object>
		<name>drone</name>
		<pose>Unspecified</pose>
		<truncated>0</truncated>
		<difficult>0</difficult>
		<occluded>0</occluded>
		<bndbox>
			<xmin>271</xmin>
			<xmax>956</xmax>
			<ymin>263</ymin>
			<ymax>410</ymax>
		</bndbox>
	</object>
</annotation>
