<annotation>
	<folder></folder>
	<filename>img-off-1540_jpg.rf.0f16e9d3abb2d214e2279387c5976e43.jpg</filename>
	<path>img-off-1540_jpg.rf.0f16e9d3abb2d214e2279387c5976e43.jpg</path>
	<source>
		<database>roboflow.ai</database>
	</source>
	<size>
		<width>1280</width>
		<height>720</height>
		<depth>3</depth>
	</size>
	<segmented>0</segmented>
	<object>
		<name>drone</name>
		<pose>Unspecified</pose>
		<truncated>0</truncated>
		<difficult>0</difficult>
		<occluded>0</occluded>
		<bndbox>
			<xmin>505</xmin>
			<xmax>735</xmax>
			<ymin>202</ymin>
			<ymax>283</ymax>
		</bndbox>
	</object>
</annotation>
