<annotation>
	<folder></folder>
	<filename>img-6390_jpg.rf.35c7c42229a97c5a824b47b475944bf6.jpg</filename>
	<path>img-6390_jpg.rf.35c7c42229a97c5a824b47b475944bf6.jpg</path>
	<source>
		<database>roboflow.ai</database>
	</source>
	<size>
		<width>1280</width>
		<height>720</height>
		<depth>3</depth>
	</size>
	<segmented>0</segmented>
	<object>
		<name>drone</name>
		<pose>Unspecified</pose>
		<truncated>0</truncated>
		<difficult>0</difficult>
		<occluded>0</occluded>
		<bndbox>
			<xmin>154</xmin>
			<xmax>1172</xmax>
			<ymin>183</ymin>
			<ymax>628</ymax>
		</bndbox>
	</object>
	<object>
		<name>drone</name>
		<pose>Unspecified</pose>
		<truncated>0</truncated>
		<difficult>0</difficult>
		<occluded>0</occluded>
		<bndbox>
			<xmin>630</xmin>
			<xmax>1281</xmax>
			<ymin>1</ymin>
			<ymax>229</ymax>
		</bndbox>
	</object>
</annotation>
