<annotation>
	<folder></folder>
	<filename>img-1550_jpg.rf.e9100d172e707bb6a4092b8a76ed6d42.jpg</filename>
	<path>img-1550_jpg.rf.e9100d172e707bb6a4092b8a76ed6d42.jpg</path>
	<source>
		<database>roboflow.ai</database>
	</source>
	<size>
		<width>1280</width>
		<height>720</height>
		<depth>3</depth>
	</size>
	<segmented>0</segmented>
	<object>
		<name>drone</name>
		<pose>Unspecified</pose>
		<truncated>0</truncated>
		<difficult>0</difficult>
		<occluded>0</occluded>
		<bndbox>
			<xmin>58</xmin>
			<xmax>284</xmax>
			<ymin>195</ymin>
			<ymax>348</ymax>
		</bndbox>
	</object>
	<object>
		<name>drone</name>
		<pose>Unspecified</pose>
		<truncated>0</truncated>
		<difficult>0</difficult>
		<occluded>0</occluded>
		<bndbox>
			<xmin>306</xmin>
			<xmax>538</xmax>
			<ymin>201</ymin>
			<ymax>319</ymax>
		</bndbox>
	</object>
	<object>
		<name>drone</name>
		<pose>Unspecified</pose>
		<truncated>0</truncated>
		<difficult>0</difficult>
		<occluded>0</occluded>
		<bndbox>
			<xmin>559</xmin>
			<xmax>787</xmax>
			<ymin>205</ymin>
			<ymax>296</ymax>
		</bndbox>
	</object>
	<object>
		<name>drone</name>
		<pose>Unspecified</pose>
		<truncated>0</truncated>
		<difficult>0</difficult>
		<occluded>0</occluded>
		<bndbox>
			<xmin>809</xmin>
			<xmax>1012</xmax>
			<ymin>197</ymin>
			<ymax>353</ymax>
		</bndbox>
	</object>
</annotation>
