<annotation>
	<folder></folder>
	<filename>img-11720_jpg.rf.3027cfd8ab3bd8ac548346fb55d9c2f8.jpg</filename>
	<path>img-11720_jpg.rf.3027cfd8ab3bd8ac548346fb55d9c2f8.jpg</path>
	<source>
		<database>roboflow.ai</database>
	</source>
	<size>
		<width>1280</width>
		<height>720</height>
		<depth>3</depth>
	</size>
	<segmented>0</segmented>
	<object>
		<name>drone</name>
		<pose>Unspecified</pose>
		<truncated>0</truncated>
		<difficult>0</difficult>
		<occluded>0</occluded>
		<bndbox>
			<xmin>763</xmin>
			<xmax>1114</xmax>
			<ymin>589</ymin>
			<ymax>701</ymax>
		</bndbox>
	</object>
</annotation>
