<annotation>
	<folder></folder>
	<filename>img-off-2-160_jpg.rf.9ff66949d4f948a3c7e59cbb35ce6f55.jpg</filename>
	<path>img-off-2-160_jpg.rf.9ff66949d4f948a3c7e59cbb35ce6f55.jpg</path>
	<source>
		<database>roboflow.ai</database>
	</source>
	<size>
		<width>1280</width>
		<height>720</height>
		<depth>3</depth>
	</size>
	<segmented>0</segmented>
	<object>
		<name>drone</name>
		<pose>Unspecified</pose>
		<truncated>0</truncated>
		<difficult>0</difficult>
		<occluded>0</occluded>
		<bndbox>
			<xmin>384</xmin>
			<xmax>974</xmax>
			<ymin>231</ymin>
			<ymax>665</ymax>
		</bndbox>
	</object>
</annotation>
