<annotation>
	<folder></folder>
	<filename>img-off-2-420_jpg.rf.b44577b13736f512c146e614663e7338.jpg</filename>
	<path>img-off-2-420_jpg.rf.b44577b13736f512c146e614663e7338.jpg</path>
	<source>
		<database>roboflow.ai</database>
	</source>
	<size>
		<width>1280</width>
		<height>720</height>
		<depth>3</depth>
	</size>
	<segmented>0</segmented>
	<object>
		<name>drone</name>
		<pose>Unspecified</pose>
		<truncated>0</truncated>
		<difficult>0</difficult>
		<occluded>0</occluded>
		<bndbox>
			<xmin>427</xmin>
			<xmax>772</xmax>
			<ymin>257</ymin>
			<ymax>475</ymax>
		</bndbox>
	</object>
</annotation>
