<annotation>
	<folder></folder>
	<filename>img-off-1750_jpg.rf.1682c6d6805ff184a7bb166c8aa89efe.jpg</filename>
	<path>img-off-1750_jpg.rf.1682c6d6805ff184a7bb166c8aa89efe.jpg</path>
	<source>
		<database>roboflow.ai</database>
	</source>
	<size>
		<width>1280</width>
		<height>720</height>
		<depth>3</depth>
	</size>
	<segmented>0</segmented>
	<object>
		<name>drone</name>
		<pose>Unspecified</pose>
		<truncated>0</truncated>
		<difficult>0</difficult>
		<occluded>0</occluded>
		<bndbox>
			<xmin>537</xmin>
			<xmax>712</xmax>
			<ymin>74</ymin>
			<ymax>146</ymax>
		</bndbox>
	</object>
</annotation>
