<annotation>
	<folder></folder>
	<filename>img-7870_jpg.rf.33199c127f8d93a1813c544ba169fa7f.jpg</filename>
	<path>img-7870_jpg.rf.33199c127f8d93a1813c544ba169fa7f.jpg</path>
	<source>
		<database>roboflow.ai</database>
	</source>
	<size>
		<width>1280</width>
		<height>720</height>
		<depth>3</depth>
	</size>
	<segmented>0</segmented>
	<object>
		<name>drone</name>
		<pose>Unspecified</pose>
		<truncated>0</truncated>
		<difficult>0</difficult>
		<occluded>0</occluded>
		<bndbox>
			<xmin>514</xmin>
			<xmax>1025</xmax>
			<ymin>245</ymin>
			<ymax>441</ymax>
		</bndbox>
	</object>
</annotation>
