<annotation>
	<folder></folder>
	<filename>img-off-2-720_jpg.rf.ad1bdb58db43384f739f2b43cda8393e.jpg</filename>
	<path>img-off-2-720_jpg.rf.ad1bdb58db43384f739f2b43cda8393e.jpg</path>
	<source>
		<database>roboflow.ai</database>
	</source>
	<size>
		<width>1280</width>
		<height>720</height>
		<depth>3</depth>
	</size>
	<segmented>0</segmented>
	<object>
		<name>drone</name>
		<pose>Unspecified</pose>
		<truncated>0</truncated>
		<difficult>0</difficult>
		<occluded>0</occluded>
		<bndbox>
			<xmin>284</xmin>
			<xmax>1037</xmax>
			<ymin>134</ymin>
			<ymax>721</ymax>
		</bndbox>
	</object>
</annotation>
