<annotation>
	<folder></folder>
	<filename>img-10420_jpg.rf.de9e5776347981f6b5c953252aba041f.jpg</filename>
	<path>img-10420_jpg.rf.de9e5776347981f6b5c953252aba041f.jpg</path>
	<source>
		<database>roboflow.ai</database>
	</source>
	<size>
		<width>1280</width>
		<height>720</height>
		<depth>3</depth>
	</size>
	<segmented>0</segmented>
	<object>
		<name>drone</name>
		<pose>Unspecified</pose>
		<truncated>0</truncated>
		<difficult>0</difficult>
		<occluded>0</occluded>
		<bndbox>
			<xmin>354</xmin>
			<xmax>694</xmax>
			<ymin>173</ymin>
			<ymax>457</ymax>
		</bndbox>
	</object>
	<object>
		<name>drone</name>
		<pose>Unspecified</pose>
		<truncated>0</truncated>
		<difficult>0</difficult>
		<occluded>0</occluded>
		<bndbox>
			<xmin>780</xmin>
			<xmax>1113</xmax>
			<ymin>208</ymin>
			<ymax>443</ymax>
		</bndbox>
	</object>
</annotation>
