<annotation>
	<folder></folder>
	<filename>img-off-2-670_jpg.rf.da79ece30ac8bae9bd3baa68a477f0be.jpg</filename>
	<path>img-off-2-670_jpg.rf.da79ece30ac8bae9bd3baa68a477f0be.jpg</path>
	<source>
		<database>roboflow.ai</database>
	</source>
	<size>
		<width>1280</width>
		<height>720</height>
		<depth>3</depth>
	</size>
	<segmented>0</segmented>
	<object>
		<name>drone</name>
		<pose>Unspecified</pose>
		<truncated>0</truncated>
		<difficult>0</difficult>
		<occluded>0</occluded>
		<bndbox>
			<xmin>291</xmin>
			<xmax>894</xmax>
			<ymin>242</ymin>
			<ymax>721</ymax>
		</bndbox>
	</object>
</annotation>
