<annotation>
	<folder></folder>
	<filename>img-off-2-70_jpg.rf.8d062fe336a0a56af25583468b82ece8.jpg</filename>
	<path>img-off-2-70_jpg.rf.8d062fe336a0a56af25583468b82ece8.jpg</path>
	<source>
		<database>roboflow.ai</database>
	</source>
	<size>
		<width>1280</width>
		<height>720</height>
		<depth>3</depth>
	</size>
	<segmented>0</segmented>
	<object>
		<name>drone</name>
		<pose>Unspecified</pose>
		<truncated>0</truncated>
		<difficult>0</difficult>
		<occluded>0</occluded>
		<bndbox>
			<xmin>299</xmin>
			<xmax>919</xmax>
			<ymin>225</ymin>
			<ymax>540</ymax>
		</bndbox>
	</object>
</annotation>
