<annotation>
	<folder></folder>
	<filename>img-8980_jpg.rf.4b70f579a05b1769b573ba69258ddbce.jpg</filename>
	<path>img-8980_jpg.rf.4b70f579a05b1769b573ba69258ddbce.jpg</path>
	<source>
		<database>roboflow.ai</database>
	</source>
	<size>
		<width>1280</width>
		<height>720</height>
		<depth>3</depth>
	</size>
	<segmented>0</segmented>
	<object>
		<name>drone</name>
		<pose>Unspecified</pose>
		<truncated>0</truncated>
		<difficult>0</difficult>
		<occluded>0</occluded>
		<bndbox>
			<xmin>12</xmin>
			<xmax>1234</xmax>
			<ymin>208</ymin>
			<ymax>462</ymax>
		</bndbox>
	</object>
</annotation>
