<annotation>
	<folder></folder>
	<filename>img-off-1460_jpg.rf.b4f004ba343646b5025ce231f4002d7d.jpg</filename>
	<path>img-off-1460_jpg.rf.b4f004ba343646b5025ce231f4002d7d.jpg</path>
	<source>
		<database>roboflow.ai</database>
	</source>
	<size>
		<width>1280</width>
		<height>720</height>
		<depth>3</depth>
	</size>
	<segmented>0</segmented>
	<object>
		<name>drone</name>
		<pose>Unspecified</pose>
		<truncated>0</truncated>
		<difficult>0</difficult>
		<occluded>0</occluded>
		<bndbox>
			<xmin>498</xmin>
			<xmax>771</xmax>
			<ymin>155</ymin>
			<ymax>328</ymax>
		</bndbox>
	</object>
</annotation>
