<annotation>
	<folder></folder>
	<filename>img-off-1170_jpg.rf.bda0834e11a9033588aec64bbdae9cd8.jpg</filename>
	<path>img-off-1170_jpg.rf.bda0834e11a9033588aec64bbdae9cd8.jpg</path>
	<source>
		<database>roboflow.ai</database>
	</source>
	<size>
		<width>1280</width>
		<height>720</height>
		<depth>3</depth>
	</size>
	<segmented>0</segmented>
	<object>
		<name>drone</name>
		<pose>Unspecified</pose>
		<truncated>0</truncated>
		<difficult>0</difficult>
		<occluded>0</occluded>
		<bndbox>
			<xmin>161</xmin>
			<xmax>698</xmax>
			<ymin>41</ymin>
			<ymax>378</ymax>
		</bndbox>
	</object>
</annotation>
