<annotation>
	<folder></folder>
	<filename>img-off-1100_jpg.rf.523ee354d37b88782c3a9565bbcc3d52.jpg</filename>
	<path>img-off-1100_jpg.rf.523ee354d37b88782c3a9565bbcc3d52.jpg</path>
	<source>
		<database>roboflow.ai</database>
	</source>
	<size>
		<width>1280</width>
		<height>720</height>
		<depth>3</depth>
	</size>
	<segmented>0</segmented>
	<object>
		<name>drone</name>
		<pose>Unspecified</pose>
		<truncated>0</truncated>
		<difficult>0</difficult>
		<occluded>0</occluded>
		<bndbox>
			<xmin>485</xmin>
			<xmax>888</xmax>
			<ymin>444</ymin>
			<ymax>556</ymax>
		</bndbox>
	</object>
</annotation>
