<annotation>
	<folder></folder>
	<filename>img-off-50_jpg.rf.2fced0ca675cc9376f30a2321a8496b7.jpg</filename>
	<path>img-off-50_jpg.rf.2fced0ca675cc9376f30a2321a8496b7.jpg</path>
	<source>
		<database>roboflow.ai</database>
	</source>
	<size>
		<width>1280</width>
		<height>720</height>
		<depth>3</depth>
	</size>
	<segmented>0</segmented>
	<object>
		<name>drone</name>
		<pose>Unspecified</pose>
		<truncated>0</truncated>
		<difficult>0</difficult>
		<occluded>0</occluded>
		<bndbox>
			<xmin>461</xmin>
			<xmax>561</xmax>
			<ymin>140</ymin>
			<ymax>191</ymax>
		</bndbox>
	</object>
</annotation>
