<annotation>
	<folder></folder>
	<filename>img-off-1570_jpg.rf.3d565ea03e0ac9f2aa867c7912e4b09a.jpg</filename>
	<path>img-off-1570_jpg.rf.3d565ea03e0ac9f2aa867c7912e4b09a.jpg</path>
	<source>
		<database>roboflow.ai</database>
	</source>
	<size>
		<width>1280</width>
		<height>720</height>
		<depth>3</depth>
	</size>
	<segmented>0</segmented>
	<object>
		<name>drone</name>
		<pose>Unspecified</pose>
		<truncated>0</truncated>
		<difficult>0</difficult>
		<occluded>0</occluded>
		<bndbox>
			<xmin>305</xmin>
			<xmax>558</xmax>
			<ymin>185</ymin>
			<ymax>270</ymax>
		</bndbox>
	</object>
</annotation>
