<annotation>
	<folder></folder>
	<filename>img-8290_jpg.rf.59d4b587f91c3b0e4205ba15b6f94133.jpg</filename>
	<path>img-8290_jpg.rf.59d4b587f91c3b0e4205ba15b6f94133.jpg</path>
	<source>
		<database>roboflow.ai</database>
	</source>
	<size>
		<width>1280</width>
		<height>720</height>
		<depth>3</depth>
	</size>
	<segmented>0</segmented>
	<object>
		<name>drone</name>
		<pose>Unspecified</pose>
		<truncated>0</truncated>
		<difficult>0</difficult>
		<occluded>0</occluded>
		<bndbox>
			<xmin>68</xmin>
			<xmax>1039</xmax>
			<ymin>233</ymin>
			<ymax>629</ymax>
		</bndbox>
	</object>
</annotation>
