<annotation>
	<folder></folder>
	<filename>img-8090_jpg.rf.f5941f8de23d4b0702333f229a58be3b.jpg</filename>
	<path>img-8090_jpg.rf.f5941f8de23d4b0702333f229a58be3b.jpg</path>
	<source>
		<database>roboflow.ai</database>
	</source>
	<size>
		<width>1280</width>
		<height>720</height>
		<depth>3</depth>
	</size>
	<segmented>0</segmented>
	<object>
		<name>drone</name>
		<pose>Unspecified</pose>
		<truncated>0</truncated>
		<difficult>0</difficult>
		<occluded>0</occluded>
		<bndbox>
			<xmin>202</xmin>
			<xmax>1102</xmax>
			<ymin>235</ymin>
			<ymax>548</ymax>
		</bndbox>
	</object>
</annotation>
