<annotation>
	<folder></folder>
	<filename>img-8300_jpg.rf.f579b62fdae311b4cd163c7a89292f8f.jpg</filename>
	<path>img-8300_jpg.rf.f579b62fdae311b4cd163c7a89292f8f.jpg</path>
	<source>
		<database>roboflow.ai</database>
	</source>
	<size>
		<width>1280</width>
		<height>720</height>
		<depth>3</depth>
	</size>
	<segmented>0</segmented>
	<object>
		<name>drone</name>
		<pose>Unspecified</pose>
		<truncated>0</truncated>
		<difficult>0</difficult>
		<occluded>0</occluded>
		<bndbox>
			<xmin>247</xmin>
			<xmax>1215</xmax>
			<ymin>231</ymin>
			<ymax>628</ymax>
		</bndbox>
	</object>
</annotation>
