<annotation>
	<folder></folder>
	<filename>img-6430_jpg.rf.396869a762089ad4a7d94140d2fad444.jpg</filename>
	<path>img-6430_jpg.rf.396869a762089ad4a7d94140d2fad444.jpg</path>
	<source>
		<database>roboflow.ai</database>
	</source>
	<size>
		<width>1280</width>
		<height>720</height>
		<depth>3</depth>
	</size>
	<segmented>0</segmented>
	<object>
		<name>drone</name>
		<pose>Unspecified</pose>
		<truncated>0</truncated>
		<difficult>0</difficult>
		<occluded>0</occluded>
		<bndbox>
			<xmin>159</xmin>
			<xmax>1163</xmax>
			<ymin>185</ymin>
			<ymax>626</ymax>
		</bndbox>
	</object>
	<object>
		<name>drone</name>
		<pose>Unspecified</pose>
		<truncated>0</truncated>
		<difficult>0</difficult>
		<occluded>0</occluded>
		<bndbox>
			<xmin>624</xmin>
			<xmax>1281</xmax>
			<ymin>1</ymin>
			<ymax>236</ymax>
		</bndbox>
	</object>
</annotation>
