<annotation>
	<folder></folder>
	<filename>img-off-1090_jpg.rf.8f2883c3c1ac158818976cb15f0edfe6.jpg</filename>
	<path>img-off-1090_jpg.rf.8f2883c3c1ac158818976cb15f0edfe6.jpg</path>
	<source>
		<database>roboflow.ai</database>
	</source>
	<size>
		<width>1280</width>
		<height>720</height>
		<depth>3</depth>
	</size>
	<segmented>0</segmented>
	<object>
		<name>drone</name>
		<pose>Unspecified</pose>
		<truncated>0</truncated>
		<difficult>0</difficult>
		<occluded>0</occluded>
		<bndbox>
			<xmin>379</xmin>
			<xmax>769</xmax>
			<ymin>492</ymin>
			<ymax>619</ymax>
		</bndbox>
	</object>
</annotation>
