<annotation>
	<folder></folder>
	<filename>img-8730_jpg.rf.af9c5cfd14f7daeb5712e56305e656f3.jpg</filename>
	<path>img-8730_jpg.rf.af9c5cfd14f7daeb5712e56305e656f3.jpg</path>
	<source>
		<database>roboflow.ai</database>
	</source>
	<size>
		<width>1280</width>
		<height>720</height>
		<depth>3</depth>
	</size>
	<segmented>0</segmented>
	<object>
		<name>drone</name>
		<pose>Unspecified</pose>
		<truncated>0</truncated>
		<difficult>0</difficult>
		<occluded>0</occluded>
		<bndbox>
			<xmin>246</xmin>
			<xmax>474</xmax>
			<ymin>120</ymin>
			<ymax>233</ymax>
		</bndbox>
	</object>
	<object>
		<name>drone</name>
		<pose>Unspecified</pose>
		<truncated>0</truncated>
		<difficult>0</difficult>
		<occluded>0</occluded>
		<bndbox>
			<xmin>501</xmin>
			<xmax>719</xmax>
			<ymin>126</ymin>
			<ymax>237</ymax>
		</bndbox>
	</object>
	<object>
		<name>drone</name>
		<pose>Unspecified</pose>
		<truncated>0</truncated>
		<difficult>0</difficult>
		<occluded>0</occluded>
		<bndbox>
			<xmin>737</xmin>
			<xmax>960</xmax>
			<ymin>119</ymin>
			<ymax>235</ymax>
		</bndbox>
	</object>
	<object>
		<name>drone</name>
		<pose>Unspecified</pose>
		<truncated>0</truncated>
		<difficult>0</difficult>
		<occluded>0</occluded>
		<bndbox>
			<xmin>991</xmin>
			<xmax>1208</xmax>
			<ymin>114</ymin>
			<ymax>238</ymax>
		</bndbox>
	</object>
</annotation>
