<annotation>
	<folder></folder>
	<filename>img-off-910_jpg.rf.9dbe8e7db2d0579f8b6f4112a6ed63bd.jpg</filename>
	<path>img-off-910_jpg.rf.9dbe8e7db2d0579f8b6f4112a6ed63bd.jpg</path>
	<source>
		<database>roboflow.ai</database>
	</source>
	<size>
		<width>1280</width>
		<height>720</height>
		<depth>3</depth>
	</size>
	<segmented>0</segmented>
	<object>
		<name>drone</name>
		<pose>Unspecified</pose>
		<truncated>0</truncated>
		<difficult>0</difficult>
		<occluded>0</occluded>
		<bndbox>
			<xmin>558</xmin>
			<xmax>861</xmax>
			<ymin>270</ymin>
			<ymax>466</ymax>
		</bndbox>
	</object>
</annotation>
