<annotation>
	<folder></folder>
	<filename>img-10360_jpg.rf.d5601048605fc7cadec937f68763c0e1.jpg</filename>
	<path>img-10360_jpg.rf.d5601048605fc7cadec937f68763c0e1.jpg</path>
	<source>
		<database>roboflow.ai</database>
	</source>
	<size>
		<width>1280</width>
		<height>720</height>
		<depth>3</depth>
	</size>
	<segmented>0</segmented>
	<object>
		<name>drone</name>
		<pose>Unspecified</pose>
		<truncated>0</truncated>
		<difficult>0</difficult>
		<occluded>0</occluded>
		<bndbox>
			<xmin>333</xmin>
			<xmax>670</xmax>
			<ymin>187</ymin>
			<ymax>470</ymax>
		</bndbox>
	</object>
	<object>
		<name>drone</name>
		<pose>Unspecified</pose>
		<truncated>0</truncated>
		<difficult>0</difficult>
		<occluded>0</occluded>
		<bndbox>
			<xmin>757</xmin>
			<xmax>1098</xmax>
			<ymin>217</ymin>
			<ymax>456</ymax>
		</bndbox>
	</object>
</annotation>
