<annotation>
	<folder></folder>
	<filename>img-off-2-950_jpg.rf.51b615f733b5f543533e58c0462627ba.jpg</filename>
	<path>img-off-2-950_jpg.rf.51b615f733b5f543533e58c0462627ba.jpg</path>
	<source>
		<database>roboflow.ai</database>
	</source>
	<size>
		<width>1280</width>
		<height>720</height>
		<depth>3</depth>
	</size>
	<segmented>0</segmented>
	<object>
		<name>drone</name>
		<pose>Unspecified</pose>
		<truncated>0</truncated>
		<difficult>0</difficult>
		<occluded>0</occluded>
		<bndbox>
			<xmin>180</xmin>
			<xmax>853</xmax>
			<ymin>166</ymin>
			<ymax>721</ymax>
		</bndbox>
	</object>
</annotation>
