<annotation>
	<folder></folder>
	<filename>img-4540_jpg.rf.4e5577e3550737c37b45e90106fda151.jpg</filename>
	<path>img-4540_jpg.rf.4e5577e3550737c37b45e90106fda151.jpg</path>
	<source>
		<database>roboflow.ai</database>
	</source>
	<size>
		<width>1280</width>
		<height>720</height>
		<depth>3</depth>
	</size>
	<segmented>0</segmented>
	<object>
		<name>drone</name>
		<pose>Unspecified</pose>
		<truncated>0</truncated>
		<difficult>0</difficult>
		<occluded>0</occluded>
		<bndbox>
			<xmin>259</xmin>
			<xmax>1047</xmax>
			<ymin>104</ymin>
			<ymax>435</ymax>
		</bndbox>
	</object>
</annotation>
