<annotation>
	<folder></folder>
	<filename>img-off-10_jpg.rf.232bfbb28eacc9f88b19d579496a38a3.jpg</filename>
	<path>img-off-10_jpg.rf.232bfbb28eacc9f88b19d579496a38a3.jpg</path>
	<source>
		<database>roboflow.ai</database>
	</source>
	<size>
		<width>1280</width>
		<height>720</height>
		<depth>3</depth>
	</size>
	<segmented>0</segmented>
	<object>
		<name>drone</name>
		<pose>Unspecified</pose>
		<truncated>0</truncated>
		<difficult>0</difficult>
		<occluded>0</occluded>
		<bndbox>
			<xmin>671</xmin>
			<xmax>815</xmax>
			<ymin>60</ymin>
			<ymax>129</ymax>
		</bndbox>
	</object>
</annotation>
