<annotation>
	<folder></folder>
	<filename>img-off-1200_jpg.rf.0371bb81deb4c9f9f6c668a5bc259b1b.jpg</filename>
	<path>img-off-1200_jpg.rf.0371bb81deb4c9f9f6c668a5bc259b1b.jpg</path>
	<source>
		<database>roboflow.ai</database>
	</source>
	<size>
		<width>1280</width>
		<height>720</height>
		<depth>3</depth>
	</size>
	<segmented>0</segmented>
	<object>
		<name>drone</name>
		<pose>Unspecified</pose>
		<truncated>0</truncated>
		<difficult>0</difficult>
		<occluded>0</occluded>
		<bndbox>
			<xmin>236</xmin>
			<xmax>630</xmax>
			<ymin>297</ymin>
			<ymax>483</ymax>
		</bndbox>
	</object>
</annotation>
