<annotation>
	<folder></folder>
	<filename>img-off-1440_jpg.rf.7c5e269ec7077ff4656b386df39813ef.jpg</filename>
	<path>img-off-1440_jpg.rf.7c5e269ec7077ff4656b386df39813ef.jpg</path>
	<source>
		<database>roboflow.ai</database>
	</source>
	<size>
		<width>1280</width>
		<height>720</height>
		<depth>3</depth>
	</size>
	<segmented>0</segmented>
	<object>
		<name>drone</name>
		<pose>Unspecified</pose>
		<truncated>0</truncated>
		<difficult>0</difficult>
		<occluded>0</occluded>
		<bndbox>
			<xmin>175</xmin>
			<xmax>442</xmax>
			<ymin>28</ymin>
			<ymax>200</ymax>
		</bndbox>
	</object>
</annotation>
