<annotation>
	<folder></folder>
	<filename>img-13720_jpg.rf.4db033e3a19a5fd388fea4a7562925d4.jpg</filename>
	<path>img-13720_jpg.rf.4db033e3a19a5fd388fea4a7562925d4.jpg</path>
	<source>
		<database>roboflow.ai</database>
	</source>
	<size>
		<width>1280</width>
		<height>720</height>
		<depth>3</depth>
	</size>
	<segmented>0</segmented>
	<object>
		<name>drone</name>
		<pose>Unspecified</pose>
		<truncated>0</truncated>
		<difficult>0</difficult>
		<occluded>0</occluded>
		<bndbox>
			<xmin>248</xmin>
			<xmax>942</xmax>
			<ymin>12</ymin>
			<ymax>570</ymax>
		</bndbox>
	</object>
</annotation>
