<annotation>
	<folder></folder>
	<filename>img-12210_jpg.rf.407e22439e991610df0974f126cbefbb.jpg</filename>
	<path>img-12210_jpg.rf.407e22439e991610df0974f126cbefbb.jpg</path>
	<source>
		<database>roboflow.ai</database>
	</source>
	<size>
		<width>1280</width>
		<height>720</height>
		<depth>3</depth>
	</size>
	<segmented>0</segmented>
	<object>
		<name>drone</name>
		<pose>Unspecified</pose>
		<truncated>0</truncated>
		<difficult>0</difficult>
		<occluded>0</occluded>
		<bndbox>
			<xmin>726</xmin>
			<xmax>1162</xmax>
			<ymin>103</ymin>
			<ymax>215</ymax>
		</bndbox>
	</object>
</annotation>
