<annotation>
	<folder></folder>
	<filename>img-off-1740_jpg.rf.0d168de8684172b72afcae3c9fafa71e.jpg</filename>
	<path>img-off-1740_jpg.rf.0d168de8684172b72afcae3c9fafa71e.jpg</path>
	<source>
		<database>roboflow.ai</database>
	</source>
	<size>
		<width>1280</width>
		<height>720</height>
		<depth>3</depth>
	</size>
	<segmented>0</segmented>
	<object>
		<name>drone</name>
		<pose>Unspecified</pose>
		<truncated>0</truncated>
		<difficult>0</difficult>
		<occluded>0</occluded>
		<bndbox>
			<xmin>517</xmin>
			<xmax>691</xmax>
			<ymin>92</ymin>
			<ymax>157</ymax>
		</bndbox>
	</object>
</annotation>
