<annotation>
	<folder></folder>
	<filename>img-off-280_jpg.rf.78b96b4bd722ed98ab7a75848da38334.jpg</filename>
	<path>img-off-280_jpg.rf.78b96b4bd722ed98ab7a75848da38334.jpg</path>
	<source>
		<database>roboflow.ai</database>
	</source>
	<size>
		<width>1280</width>
		<height>720</height>
		<depth>3</depth>
	</size>
	<segmented>0</segmented>
	<object>
		<name>drone</name>
		<pose>Unspecified</pose>
		<truncated>0</truncated>
		<difficult>0</difficult>
		<occluded>0</occluded>
		<bndbox>
			<xmin>739</xmin>
			<xmax>812</xmax>
			<ymin>144</ymin>
			<ymax>169</ymax>
		</bndbox>
	</object>
</annotation>
