<annotation>
	<folder></folder>
	<filename>img-11660_jpg.rf.032a1977e3364e0c4b4d624198d4b65a.jpg</filename>
	<path>img-11660_jpg.rf.032a1977e3364e0c4b4d624198d4b65a.jpg</path>
	<source>
		<database>roboflow.ai</database>
	</source>
	<size>
		<width>1280</width>
		<height>720</height>
		<depth>3</depth>
	</size>
	<segmented>0</segmented>
	<object>
		<name>drone</name>
		<pose>Unspecified</pose>
		<truncated>0</truncated>
		<difficult>0</difficult>
		<occluded>0</occluded>
		<bndbox>
			<xmin>35</xmin>
			<xmax>856</xmax>
			<ymin>336</ymin>
			<ymax>602</ymax>
		</bndbox>
	</object>
</annotation>
