<annotation>
	<folder></folder>
	<filename>img-off-2-740_jpg.rf.ccbf97839bb16bac7228d85cbafcc230.jpg</filename>
	<path>img-off-2-740_jpg.rf.ccbf97839bb16bac7228d85cbafcc230.jpg</path>
	<source>
		<database>roboflow.ai</database>
	</source>
	<size>
		<width>1280</width>
		<height>720</height>
		<depth>3</depth>
	</size>
	<segmented>0</segmented>
	<object>
		<name>drone</name>
		<pose>Unspecified</pose>
		<truncated>0</truncated>
		<difficult>0</difficult>
		<occluded>0</occluded>
		<bndbox>
			<xmin>374</xmin>
			<xmax>1071</xmax>
			<ymin>138</ymin>
			<ymax>574</ymax>
		</bndbox>
	</object>
</annotation>
