<annotation>
	<folder></folder>
	<filename>img-6450_jpg.rf.d301e031ab5940b297ac5e58a0b83f1c.jpg</filename>
	<path>img-6450_jpg.rf.d301e031ab5940b297ac5e58a0b83f1c.jpg</path>
	<source>
		<database>roboflow.ai</database>
	</source>
	<size>
		<width>1280</width>
		<height>720</height>
		<depth>3</depth>
	</size>
	<segmented>0</segmented>
	<object>
		<name>drone</name>
		<pose>Unspecified</pose>
		<truncated>0</truncated>
		<difficult>0</difficult>
		<occluded>0</occluded>
		<bndbox>
			<xmin>164</xmin>
			<xmax>1159</xmax>
			<ymin>186</ymin>
			<ymax>626</ymax>
		</bndbox>
	</object>
	<object>
		<name>drone</name>
		<pose>Unspecified</pose>
		<truncated>0</truncated>
		<difficult>0</difficult>
		<occluded>0</occluded>
		<bndbox>
			<xmin>635</xmin>
			<xmax>1281</xmax>
			<ymin>1</ymin>
			<ymax>235</ymax>
		</bndbox>
	</object>
</annotation>
