<annotation>
	<folder></folder>
	<filename>img-off-1140_jpg.rf.7eb4cc9230cccd25d36903bf752449e8.jpg</filename>
	<path>img-off-1140_jpg.rf.7eb4cc9230cccd25d36903bf752449e8.jpg</path>
	<source>
		<database>roboflow.ai</database>
	</source>
	<size>
		<width>1280</width>
		<height>720</height>
		<depth>3</depth>
	</size>
	<segmented>0</segmented>
	<object>
		<name>drone</name>
		<pose>Unspecified</pose>
		<truncated>0</truncated>
		<difficult>0</difficult>
		<occluded>0</occluded>
		<bndbox>
			<xmin>401</xmin>
			<xmax>875</xmax>
			<ymin>315</ymin>
			<ymax>620</ymax>
		</bndbox>
	</object>
</annotation>
