<annotation>
	<folder></folder>
	<filename>img-off-20_jpg.rf.e4d1064bea257606b09a55dc32b61a4b.jpg</filename>
	<path>img-off-20_jpg.rf.e4d1064bea257606b09a55dc32b61a4b.jpg</path>
	<source>
		<database>roboflow.ai</database>
	</source>
	<size>
		<width>1280</width>
		<height>720</height>
		<depth>3</depth>
	</size>
	<segmented>0</segmented>
	<object>
		<name>drone</name>
		<pose>Unspecified</pose>
		<truncated>0</truncated>
		<difficult>0</difficult>
		<occluded>0</occluded>
		<bndbox>
			<xmin>621</xmin>
			<xmax>760</xmax>
			<ymin>1</ymin>
			<ymax>89</ymax>
		</bndbox>
	</object>
</annotation>
