<annotation>
	<folder></folder>
	<filename>img-off-1530_jpg.rf.ad56dbee5eef4c02508122e8518ad21c.jpg</filename>
	<path>img-off-1530_jpg.rf.ad56dbee5eef4c02508122e8518ad21c.jpg</path>
	<source>
		<database>roboflow.ai</database>
	</source>
	<size>
		<width>1280</width>
		<height>720</height>
		<depth>3</depth>
	</size>
	<segmented>0</segmented>
	<object>
		<name>drone</name>
		<pose>Unspecified</pose>
		<truncated>0</truncated>
		<difficult>0</difficult>
		<occluded>0</occluded>
		<bndbox>
			<xmin>552</xmin>
			<xmax>778</xmax>
			<ymin>163</ymin>
			<ymax>252</ymax>
		</bndbox>
	</object>
</annotation>
