<annotation>
	<folder></folder>
	<filename>img-9070_jpg.rf.6c2ff61e0c0e856c4333bd0a6e882c6f.jpg</filename>
	<path>img-9070_jpg.rf.6c2ff61e0c0e856c4333bd0a6e882c6f.jpg</path>
	<source>
		<database>roboflow.ai</database>
	</source>
	<size>
		<width>1280</width>
		<height>720</height>
		<depth>3</depth>
	</size>
	<segmented>0</segmented>
	<object>
		<name>drone</name>
		<pose>Unspecified</pose>
		<truncated>0</truncated>
		<difficult>0</difficult>
		<occluded>0</occluded>
		<bndbox>
			<xmin>2</xmin>
			<xmax>1281</xmax>
			<ymin>139</ymin>
			<ymax>511</ymax>
		</bndbox>
	</object>
</annotation>
