<annotation>
	<folder></folder>
	<filename>img-6310_jpg.rf.06468746663eabbbb084bd3ed7b5ae06.jpg</filename>
	<path>img-6310_jpg.rf.06468746663eabbbb084bd3ed7b5ae06.jpg</path>
	<source>
		<database>roboflow.ai</database>
	</source>
	<size>
		<width>1280</width>
		<height>720</height>
		<depth>3</depth>
	</size>
	<segmented>0</segmented>
	<object>
		<name>drone</name>
		<pose>Unspecified</pose>
		<truncated>0</truncated>
		<difficult>0</difficult>
		<occluded>0</occluded>
		<bndbox>
			<xmin>206</xmin>
			<xmax>707</xmax>
			<ymin>215</ymin>
			<ymax>540</ymax>
		</bndbox>
	</object>
	<object>
		<name>drone</name>
		<pose>Unspecified</pose>
		<truncated>0</truncated>
		<difficult>0</difficult>
		<occluded>0</occluded>
		<bndbox>
			<xmin>721</xmin>
			<xmax>1183</xmax>
			<ymin>218</ymin>
			<ymax>523</ymax>
		</bndbox>
	</object>
</annotation>
