<annotation>
	<folder></folder>
	<filename>img-2800_jpg.rf.ce4da13fd7da58c37c9c6e38cb74b609.jpg</filename>
	<path>img-2800_jpg.rf.ce4da13fd7da58c37c9c6e38cb74b609.jpg</path>
	<source>
		<database>roboflow.ai</database>
	</source>
	<size>
		<width>1280</width>
		<height>720</height>
		<depth>3</depth>
	</size>
	<segmented>0</segmented>
	<object>
		<name>drone</name>
		<pose>Unspecified</pose>
		<truncated>0</truncated>
		<difficult>0</difficult>
		<occluded>0</occluded>
		<bndbox>
			<xmin>458</xmin>
			<xmax>669</xmax>
			<ymin>123</ymin>
			<ymax>175</ymax>
		</bndbox>
	</object>
</annotation>
