<annotation>
	<folder></folder>
	<filename>img-off-2-210_jpg.rf.c8656d7632bc51a4c3b52500c8ce8be8.jpg</filename>
	<path>img-off-2-210_jpg.rf.c8656d7632bc51a4c3b52500c8ce8be8.jpg</path>
	<source>
		<database>roboflow.ai</database>
	</source>
	<size>
		<width>1280</width>
		<height>720</height>
		<depth>3</depth>
	</size>
	<segmented>0</segmented>
	<object>
		<name>drone</name>
		<pose>Unspecified</pose>
		<truncated>0</truncated>
		<difficult>0</difficult>
		<occluded>0</occluded>
		<bndbox>
			<xmin>209</xmin>
			<xmax>1020</xmax>
			<ymin>152</ymin>
			<ymax>721</ymax>
		</bndbox>
	</object>
</annotation>
