<annotation>
	<folder></folder>
	<filename>img-13380_jpg.rf.0815420b578f2465987ca751c08ead75.jpg</filename>
	<path>img-13380_jpg.rf.0815420b578f2465987ca751c08ead75.jpg</path>
	<source>
		<database>roboflow.ai</database>
	</source>
	<size>
		<width>1280</width>
		<height>720</height>
		<depth>3</depth>
	</size>
	<segmented>0</segmented>
	<object>
		<name>drone</name>
		<pose>Unspecified</pose>
		<truncated>0</truncated>
		<difficult>0</difficult>
		<occluded>0</occluded>
		<bndbox>
			<xmin>158</xmin>
			<xmax>1240</xmax>
			<ymin>225</ymin>
			<ymax>579</ymax>
		</bndbox>
	</object>
</annotation>
