<annotation>
	<folder></folder>
	<filename>img-8270_jpg.rf.e9dd4c1dcb47d4f03873ec38fe12f8a0.jpg</filename>
	<path>img-8270_jpg.rf.e9dd4c1dcb47d4f03873ec38fe12f8a0.jpg</path>
	<source>
		<database>roboflow.ai</database>
	</source>
	<size>
		<width>1280</width>
		<height>720</height>
		<depth>3</depth>
	</size>
	<segmented>0</segmented>
	<object>
		<name>drone</name>
		<pose>Unspecified</pose>
		<truncated>0</truncated>
		<difficult>0</difficult>
		<occluded>0</occluded>
		<bndbox>
			<xmin>226</xmin>
			<xmax>1062</xmax>
			<ymin>243</ymin>
			<ymax>631</ymax>
		</bndbox>
	</object>
</annotation>
