<annotation>
	<folder></folder>
	<filename>img-off-2-780_jpg.rf.5f0ecfa467ffcfb5a0b8d079cbdc0b2a.jpg</filename>
	<path>img-off-2-780_jpg.rf.5f0ecfa467ffcfb5a0b8d079cbdc0b2a.jpg</path>
	<source>
		<database>roboflow.ai</database>
	</source>
	<size>
		<width>1280</width>
		<height>720</height>
		<depth>3</depth>
	</size>
	<segmented>0</segmented>
	<object>
		<name>drone</name>
		<pose>Unspecified</pose>
		<truncated>0</truncated>
		<difficult>0</difficult>
		<occluded>0</occluded>
		<bndbox>
			<xmin>324</xmin>
			<xmax>1041</xmax>
			<ymin>1</ymin>
			<ymax>680</ymax>
		</bndbox>
	</object>
</annotation>
