<annotation>
	<folder></folder>
	<filename>img-off-2-560_jpg.rf.71a168411e955ab9e7b5a27df53d202a.jpg</filename>
	<path>img-off-2-560_jpg.rf.71a168411e955ab9e7b5a27df53d202a.jpg</path>
	<source>
		<database>roboflow.ai</database>
	</source>
	<size>
		<width>1280</width>
		<height>720</height>
		<depth>3</depth>
	</size>
	<segmented>0</segmented>
	<object>
		<name>drone</name>
		<pose>Unspecified</pose>
		<truncated>0</truncated>
		<difficult>0</difficult>
		<occluded>0</occluded>
		<bndbox>
			<xmin>5</xmin>
			<xmax>616</xmax>
			<ymin>327</ymin>
			<ymax>721</ymax>
		</bndbox>
	</object>
</annotation>
