<annotation>
	<folder></folder>
	<filename>img-4550_jpg.rf.a97ba93b9b7a8589ff23c50b8a974972.jpg</filename>
	<path>img-4550_jpg.rf.a97ba93b9b7a8589ff23c50b8a974972.jpg</path>
	<source>
		<database>roboflow.ai</database>
	</source>
	<size>
		<width>1280</width>
		<height>720</height>
		<depth>3</depth>
	</size>
	<segmented>0</segmented>
	<object>
		<name>drone</name>
		<pose>Unspecified</pose>
		<truncated>0</truncated>
		<difficult>0</difficult>
		<occluded>0</occluded>
		<bndbox>
			<xmin>255</xmin>
			<xmax>1040</xmax>
			<ymin>105</ymin>
			<ymax>444</ymax>
		</bndbox>
	</object>
</annotation>
