<annotation>
	<folder></folder>
	<filename>img-1760_jpg.rf.89d781842b01d7f45d1995e1c5d52f15.jpg</filename>
	<path>img-1760_jpg.rf.89d781842b01d7f45d1995e1c5d52f15.jpg</path>
	<source>
		<database>roboflow.ai</database>
	</source>
	<size>
		<width>1280</width>
		<height>720</height>
		<depth>3</depth>
	</size>
	<segmented>0</segmented>
	<object>
		<name>drone</name>
		<pose>Unspecified</pose>
		<truncated>0</truncated>
		<difficult>0</difficult>
		<occluded>0</occluded>
		<bndbox>
			<xmin>14</xmin>
			<xmax>1281</xmax>
			<ymin>15</ymin>
			<ymax>721</ymax>
		</bndbox>
	</object>
</annotation>
