<annotation>
	<folder></folder>
	<filename>img-off-2-260_jpg.rf.3b9a644125e8cd341a2337e9ef244225.jpg</filename>
	<path>img-off-2-260_jpg.rf.3b9a644125e8cd341a2337e9ef244225.jpg</path>
	<source>
		<database>roboflow.ai</database>
	</source>
	<size>
		<width>1280</width>
		<height>720</height>
		<depth>3</depth>
	</size>
	<segmented>0</segmented>
	<object>
		<name>drone</name>
		<pose>Unspecified</pose>
		<truncated>0</truncated>
		<difficult>0</difficult>
		<occluded>0</occluded>
		<bndbox>
			<xmin>491</xmin>
			<xmax>972</xmax>
			<ymin>439</ymin>
			<ymax>721</ymax>
		</bndbox>
	</object>
</annotation>
