<annotation>
	<folder></folder>
	<filename>img-off-1490_jpg.rf.9df83910f915886f5446e015f2040c90.jpg</filename>
	<path>img-off-1490_jpg.rf.9df83910f915886f5446e015f2040c90.jpg</path>
	<source>
		<database>roboflow.ai</database>
	</source>
	<size>
		<width>1280</width>
		<height>720</height>
		<depth>3</depth>
	</size>
	<segmented>0</segmented>
	<object>
		<name>drone</name>
		<pose>Unspecified</pose>
		<truncated>0</truncated>
		<difficult>0</difficult>
		<occluded>0</occluded>
		<bndbox>
			<xmin>500</xmin>
			<xmax>828</xmax>
			<ymin>34</ymin>
			<ymax>197</ymax>
		</bndbox>
	</object>
</annotation>
