<annotation>
	<folder></folder>
	<filename>img-4570_jpg.rf.ec41218f4a723ecca3155ff1e8fa55b3.jpg</filename>
	<path>img-4570_jpg.rf.ec41218f4a723ecca3155ff1e8fa55b3.jpg</path>
	<source>
		<database>roboflow.ai</database>
	</source>
	<size>
		<width>1280</width>
		<height>720</height>
		<depth>3</depth>
	</size>
	<segmented>0</segmented>
	<object>
		<name>drone</name>
		<pose>Unspecified</pose>
		<truncated>0</truncated>
		<difficult>0</difficult>
		<occluded>0</occluded>
		<bndbox>
			<xmin>267</xmin>
			<xmax>888</xmax>
			<ymin>1</ymin>
			<ymax>274</ymax>
		</bndbox>
	</object>
</annotation>
