<annotation>
	<folder></folder>
	<filename>img-off-790_jpg.rf.8a78e24ec4ee8f9e5446f2ccba99c086.jpg</filename>
	<path>img-off-790_jpg.rf.8a78e24ec4ee8f9e5446f2ccba99c086.jpg</path>
	<source>
		<database>roboflow.ai</database>
	</source>
	<size>
		<width>1280</width>
		<height>720</height>
		<depth>3</depth>
	</size>
	<segmented>0</segmented>
	<object>
		<name>drone</name>
		<pose>Unspecified</pose>
		<truncated>0</truncated>
		<difficult>0</difficult>
		<occluded>0</occluded>
		<bndbox>
			<xmin>384</xmin>
			<xmax>817</xmax>
			<ymin>81</ymin>
			<ymax>405</ymax>
		</bndbox>
	</object>
</annotation>
