<annotation>
	<folder></folder>
	<filename>img-off-840_jpg.rf.788f986328d765d50a7575218ebf07c3.jpg</filename>
	<path>img-off-840_jpg.rf.788f986328d765d50a7575218ebf07c3.jpg</path>
	<source>
		<database>roboflow.ai</database>
	</source>
	<size>
		<width>1280</width>
		<height>720</height>
		<depth>3</depth>
	</size>
	<segmented>0</segmented>
	<object>
		<name>drone</name>
		<pose>Unspecified</pose>
		<truncated>0</truncated>
		<difficult>0</difficult>
		<occluded>0</occluded>
		<bndbox>
			<xmin>451</xmin>
			<xmax>825</xmax>
			<ymin>129</ymin>
			<ymax>368</ymax>
		</bndbox>
	</object>
</annotation>
