<annotation>
	<folder></folder>
	<filename>img-off-360_jpg.rf.f9585ee0736d6e242b80ef5f20822824.jpg</filename>
	<path>img-off-360_jpg.rf.f9585ee0736d6e242b80ef5f20822824.jpg</path>
	<source>
		<database>roboflow.ai</database>
	</source>
	<size>
		<width>1280</width>
		<height>720</height>
		<depth>3</depth>
	</size>
	<segmented>0</segmented>
	<object>
		<name>drone</name>
		<pose>Unspecified</pose>
		<truncated>0</truncated>
		<difficult>0</difficult>
		<occluded>0</occluded>
		<bndbox>
			<xmin>579</xmin>
			<xmax>667</xmax>
			<ymin>229</ymin>
			<ymax>249</ymax>
		</bndbox>
	</object>
</annotation>
