<annotation>
	<folder></folder>
	<filename>img-18420_jpg.rf.b5f17fbda5fe9c4ce29381cc242081b1.jpg</filename>
	<path>img-18420_jpg.rf.b5f17fbda5fe9c4ce29381cc242081b1.jpg</path>
	<source>
		<database>roboflow.ai</database>
	</source>
	<size>
		<width>1280</width>
		<height>720</height>
		<depth>3</depth>
	</size>
	<segmented>0</segmented>
	<object>
		<name>drone</name>
		<pose>Unspecified</pose>
		<truncated>0</truncated>
		<difficult>0</difficult>
		<occluded>0</occluded>
		<bndbox>
			<xmin>711</xmin>
			<xmax>938</xmax>
			<ymin>106</ymin>
			<ymax>213</ymax>
		</bndbox>
	</object>
	<object>
		<name>drone</name>
		<pose>Unspecified</pose>
		<truncated>0</truncated>
		<difficult>0</difficult>
		<occluded>0</occluded>
		<bndbox>
			<xmin>883</xmin>
			<xmax>1166</xmax>
			<ymin>374</ymin>
			<ymax>469</ymax>
		</bndbox>
	</object>
	<object>
		<name>drone</name>
		<pose>Unspecified</pose>
		<truncated>0</truncated>
		<difficult>0</difficult>
		<occluded>0</occluded>
		<bndbox>
			<xmin>893</xmin>
			<xmax>1188</xmax>
			<ymin>489</ymin>
			<ymax>605</ymax>
		</bndbox>
	</object>
</annotation>
