<annotation>
	<folder></folder>
	<filename>img-off-2-690_jpg.rf.729e40aa4734cc1356527ab7b9efa335.jpg</filename>
	<path>img-off-2-690_jpg.rf.729e40aa4734cc1356527ab7b9efa335.jpg</path>
	<source>
		<database>roboflow.ai</database>
	</source>
	<size>
		<width>1280</width>
		<height>720</height>
		<depth>3</depth>
	</size>
	<segmented>0</segmented>
	<object>
		<name>drone</name>
		<pose>Unspecified</pose>
		<truncated>0</truncated>
		<difficult>0</difficult>
		<occluded>0</occluded>
		<bndbox>
			<xmin>302</xmin>
			<xmax>1013</xmax>
			<ymin>103</ymin>
			<ymax>698</ymax>
		</bndbox>
	</object>
</annotation>
