<annotation>
	<folder></folder>
	<filename>img-off-2-460_jpg.rf.d84d42ece7d6b50c888fd7a058e45473.jpg</filename>
	<path>img-off-2-460_jpg.rf.d84d42ece7d6b50c888fd7a058e45473.jpg</path>
	<source>
		<database>roboflow.ai</database>
	</source>
	<size>
		<width>1280</width>
		<height>720</height>
		<depth>3</depth>
	</size>
	<segmented>0</segmented>
	<object>
		<name>drone</name>
		<pose>Unspecified</pose>
		<truncated>0</truncated>
		<difficult>0</difficult>
		<occluded>0</occluded>
		<bndbox>
			<xmin>309</xmin>
			<xmax>640</xmax>
			<ymin>236</ymin>
			<ymax>444</ymax>
		</bndbox>
	</object>
</annotation>
