<annotation>
	<folder></folder>
	<filename>img-22790_jpg.rf.3e3366266666093e8f32f741b6d31548.jpg</filename>
	<path>img-22790_jpg.rf.3e3366266666093e8f32f741b6d31548.jpg</path>
	<source>
		<database>roboflow.ai</database>
	</source>
	<size>
		<width>1280</width>
		<height>720</height>
		<depth>3</depth>
	</size>
	<segmented>0</segmented>
	<object>
		<name>drone</name>
		<pose>Unspecified</pose>
		<truncated>0</truncated>
		<difficult>0</difficult>
		<occluded>0</occluded>
		<bndbox>
			<xmin>27</xmin>
			<xmax>1281</xmax>
			<ymin>155</ymin>
			<ymax>588</ymax>
		</bndbox>
	</object>
</annotation>
