<annotation>
	<folder></folder>
	<filename>img-off-1150_jpg.rf.c4d3b7cd2944969069c4abbdc5dae5a0.jpg</filename>
	<path>img-off-1150_jpg.rf.c4d3b7cd2944969069c4abbdc5dae5a0.jpg</path>
	<source>
		<database>roboflow.ai</database>
	</source>
	<size>
		<width>1280</width>
		<height>720</height>
		<depth>3</depth>
	</size>
	<segmented>0</segmented>
	<object>
		<name>drone</name>
		<pose>Unspecified</pose>
		<truncated>0</truncated>
		<difficult>0</difficult>
		<occluded>0</occluded>
		<bndbox>
			<xmin>310</xmin>
			<xmax>901</xmax>
			<ymin>454</ymin>
			<ymax>721</ymax>
		</bndbox>
	</object>
</annotation>
