<annotation>
	<folder></folder>
	<filename>img-2170_jpg.rf.74ce7963039a0902630c1aafced11fb6.jpg</filename>
	<path>img-2170_jpg.rf.74ce7963039a0902630c1aafced11fb6.jpg</path>
	<source>
		<database>roboflow.ai</database>
	</source>
	<size>
		<width>1280</width>
		<height>720</height>
		<depth>3</depth>
	</size>
	<segmented>0</segmented>
	<object>
		<name>drone</name>
		<pose>Unspecified</pose>
		<truncated>0</truncated>
		<difficult>0</difficult>
		<occluded>0</occluded>
		<bndbox>
			<xmin>121</xmin>
			<xmax>1281</xmax>
			<ymin>88</ymin>
			<ymax>697</ymax>
		</bndbox>
	</object>
	<object>
		<name>drone</name>
		<pose>Unspecified</pose>
		<truncated>0</truncated>
		<difficult>0</difficult>
		<occluded>0</occluded>
		<bndbox>
			<xmin>5</xmin>
			<xmax>787</xmax>
			<ymin>485</ymin>
			<ymax>721</ymax>
		</bndbox>
	</object>
</annotation>
