<annotation>
	<folder></folder>
	<filename>img-70_jpg.rf.ec6bc562dd990619e3eab21e03df40b3.jpg</filename>
	<path>img-70_jpg.rf.ec6bc562dd990619e3eab21e03df40b3.jpg</path>
	<source>
		<database>roboflow.ai</database>
	</source>
	<size>
		<width>1280</width>
		<height>720</height>
		<depth>3</depth>
	</size>
	<segmented>0</segmented>
	<object>
		<name>drone</name>
		<pose>Unspecified</pose>
		<truncated>0</truncated>
		<difficult>0</difficult>
		<occluded>0</occluded>
		<bndbox>
			<xmin>569</xmin>
			<xmax>1192</xmax>
			<ymin>232</ymin>
			<ymax>486</ymax>
		</bndbox>
	</object>
</annotation>
