<annotation>
	<folder></folder>
	<filename>img-off-1620_jpg.rf.7b762f887fb3099cf11b45b771747de8.jpg</filename>
	<path>img-off-1620_jpg.rf.7b762f887fb3099cf11b45b771747de8.jpg</path>
	<source>
		<database>roboflow.ai</database>
	</source>
	<size>
		<width>1280</width>
		<height>720</height>
		<depth>3</depth>
	</size>
	<segmented>0</segmented>
	<object>
		<name>drone</name>
		<pose>Unspecified</pose>
		<truncated>0</truncated>
		<difficult>0</difficult>
		<occluded>0</occluded>
		<bndbox>
			<xmin>381</xmin>
			<xmax>665</xmax>
			<ymin>139</ymin>
			<ymax>255</ymax>
		</bndbox>
	</object>
</annotation>
