<annotation>
	<folder></folder>
	<filename>img-off-2-770_jpg.rf.9d96f3c151d683a0022effc98fd84e60.jpg</filename>
	<path>img-off-2-770_jpg.rf.9d96f3c151d683a0022effc98fd84e60.jpg</path>
	<source>
		<database>roboflow.ai</database>
	</source>
	<size>
		<width>1280</width>
		<height>720</height>
		<depth>3</depth>
	</size>
	<segmented>0</segmented>
	<object>
		<name>drone</name>
		<pose>Unspecified</pose>
		<truncated>0</truncated>
		<difficult>0</difficult>
		<occluded>0</occluded>
		<bndbox>
			<xmin>337</xmin>
			<xmax>929</xmax>
			<ymin>1</ymin>
			<ymax>697</ymax>
		</bndbox>
	</object>
</annotation>
