<annotation>
	<folder></folder>
	<filename>img-20270_jpg.rf.e45e621718a7f6adca89d1295147109c.jpg</filename>
	<path>img-20270_jpg.rf.e45e621718a7f6adca89d1295147109c.jpg</path>
	<source>
		<database>roboflow.ai</database>
	</source>
	<size>
		<width>1280</width>
		<height>720</height>
		<depth>3</depth>
	</size>
	<segmented>0</segmented>
	<object>
		<name>drone</name>
		<pose>Unspecified</pose>
		<truncated>0</truncated>
		<difficult>0</difficult>
		<occluded>0</occluded>
		<bndbox>
			<xmin>18</xmin>
			<xmax>1281</xmax>
			<ymin>265</ymin>
			<ymax>563</ymax>
		</bndbox>
	</object>
</annotation>
