<annotation>
	<folder></folder>
	<filename>img-off-1550_jpg.rf.2e4ac159e102d56b24485692923dba1f.jpg</filename>
	<path>img-off-1550_jpg.rf.2e4ac159e102d56b24485692923dba1f.jpg</path>
	<source>
		<database>roboflow.ai</database>
	</source>
	<size>
		<width>1280</width>
		<height>720</height>
		<depth>3</depth>
	</size>
	<segmented>0</segmented>
	<object>
		<name>drone</name>
		<pose>Unspecified</pose>
		<truncated>0</truncated>
		<difficult>0</difficult>
		<occluded>0</occluded>
		<bndbox>
			<xmin>453</xmin>
			<xmax>697</xmax>
			<ymin>239</ymin>
			<ymax>314</ymax>
		</bndbox>
	</object>
</annotation>
