<annotation>
	<folder></folder>
	<filename>img-18630_jpg.rf.e6e5c91736f4d8753477c8604f957155.jpg</filename>
	<path>img-18630_jpg.rf.e6e5c91736f4d8753477c8604f957155.jpg</path>
	<source>
		<database>roboflow.ai</database>
	</source>
	<size>
		<width>1280</width>
		<height>720</height>
		<depth>3</depth>
	</size>
	<segmented>0</segmented>
	<object>
		<name>drone</name>
		<pose>Unspecified</pose>
		<truncated>0</truncated>
		<difficult>0</difficult>
		<occluded>0</occluded>
		<bndbox>
			<xmin>242</xmin>
			<xmax>1059</xmax>
			<ymin>221</ymin>
			<ymax>542</ymax>
		</bndbox>
	</object>
</annotation>
