<annotation>
	<folder></folder>
	<filename>img-14780_jpg.rf.9776cd4c4ae028595857d9e03a1d5fcd.jpg</filename>
	<path>img-14780_jpg.rf.9776cd4c4ae028595857d9e03a1d5fcd.jpg</path>
	<source>
		<database>roboflow.ai</database>
	</source>
	<size>
		<width>1280</width>
		<height>720</height>
		<depth>3</depth>
	</size>
	<segmented>0</segmented>
	<object>
		<name>drone</name>
		<pose>Unspecified</pose>
		<truncated>0</truncated>
		<difficult>0</difficult>
		<occluded>0</occluded>
		<bndbox>
			<xmin>1</xmin>
			<xmax>1281</xmax>
			<ymin>133</ymin>
			<ymax>567</ymax>
		</bndbox>
	</object>
</annotation>
