<annotation>
	<folder></folder>
	<filename>img-11640_jpg.rf.f3d5a6479f27d3ce4f6a61a39ad190a8.jpg</filename>
	<path>img-11640_jpg.rf.f3d5a6479f27d3ce4f6a61a39ad190a8.jpg</path>
	<source>
		<database>roboflow.ai</database>
	</source>
	<size>
		<width>1280</width>
		<height>720</height>
		<depth>3</depth>
	</size>
	<segmented>0</segmented>
	<object>
		<name>drone</name>
		<pose>Unspecified</pose>
		<truncated>0</truncated>
		<difficult>0</difficult>
		<occluded>0</occluded>
		<bndbox>
			<xmin>4</xmin>
			<xmax>841</xmax>
			<ymin>299</ymin>
			<ymax>555</ymax>
		</bndbox>
	</object>
</annotation>
