<annotation>
	<folder></folder>
	<filename>img-off-850_jpg.rf.4aa626ebd6f27e4da702d961687435a2.jpg</filename>
	<path>img-off-850_jpg.rf.4aa626ebd6f27e4da702d961687435a2.jpg</path>
	<source>
		<database>roboflow.ai</database>
	</source>
	<size>
		<width>1280</width>
		<height>720</height>
		<depth>3</depth>
	</size>
	<segmented>0</segmented>
	<object>
		<name>drone</name>
		<pose>Unspecified</pose>
		<truncated>0</truncated>
		<difficult>0</difficult>
		<occluded>0</occluded>
		<bndbox>
			<xmin>443</xmin>
			<xmax>784</xmax>
			<ymin>266</ymin>
			<ymax>522</ymax>
		</bndbox>
	</object>
</annotation>
