<annotation>
	<folder></folder>
	<filename>img-off-1190_jpg.rf.2b13dd7818223f8bb3fc77b7de12509f.jpg</filename>
	<path>img-off-1190_jpg.rf.2b13dd7818223f8bb3fc77b7de12509f.jpg</path>
	<source>
		<database>roboflow.ai</database>
	</source>
	<size>
		<width>1280</width>
		<height>720</height>
		<depth>3</depth>
	</size>
	<segmented>0</segmented>
	<object>
		<name>drone</name>
		<pose>Unspecified</pose>
		<truncated>0</truncated>
		<difficult>0</difficult>
		<occluded>0</occluded>
		<bndbox>
			<xmin>167</xmin>
			<xmax>600</xmax>
			<ymin>25</ymin>
			<ymax>309</ymax>
		</bndbox>
	</object>
</annotation>
