<annotation>
	<folder></folder>
	<filename>img-7760_jpg.rf.6321017cfa8af87670801278b241d83d.jpg</filename>
	<path>img-7760_jpg.rf.6321017cfa8af87670801278b241d83d.jpg</path>
	<source>
		<database>roboflow.ai</database>
	</source>
	<size>
		<width>1280</width>
		<height>720</height>
		<depth>3</depth>
	</size>
	<segmented>0</segmented>
	<object>
		<name>drone</name>
		<pose>Unspecified</pose>
		<truncated>0</truncated>
		<difficult>0</difficult>
		<occluded>0</occluded>
		<bndbox>
			<xmin>603</xmin>
			<xmax>851</xmax>
			<ymin>289</ymin>
			<ymax>590</ymax>
		</bndbox>
	</object>
</annotation>
