<annotation>
	<folder></folder>
	<filename>img-1410_jpg.rf.79eec86ef99d8aa90b722abb2ff2c190.jpg</filename>
	<path>img-1410_jpg.rf.79eec86ef99d8aa90b722abb2ff2c190.jpg</path>
	<source>
		<database>roboflow.ai</database>
	</source>
	<size>
		<width>1280</width>
		<height>720</height>
		<depth>3</depth>
	</size>
	<segmented>0</segmented>
	<object>
		<name>drone</name>
		<pose>Unspecified</pose>
		<truncated>0</truncated>
		<difficult>0</difficult>
		<occluded>0</occluded>
		<bndbox>
			<xmin>371</xmin>
			<xmax>909</xmax>
			<ymin>230</ymin>
			<ymax>611</ymax>
		</bndbox>
	</object>
</annotation>
