<annotation>
	<folder></folder>
	<filename>img-off-40_jpg.rf.b00d3737017852f99e65e02125c7ffa4.jpg</filename>
	<path>img-off-40_jpg.rf.b00d3737017852f99e65e02125c7ffa4.jpg</path>
	<source>
		<database>roboflow.ai</database>
	</source>
	<size>
		<width>1280</width>
		<height>720</height>
		<depth>3</depth>
	</size>
	<segmented>0</segmented>
	<object>
		<name>drone</name>
		<pose>Unspecified</pose>
		<truncated>0</truncated>
		<difficult>0</difficult>
		<occluded>0</occluded>
		<bndbox>
			<xmin>460</xmin>
			<xmax>568</xmax>
			<ymin>87</ymin>
			<ymax>144</ymax>
		</bndbox>
	</object>
</annotation>
