<annotation>
	<folder></folder>
	<filename>img-11110_jpg.rf.fcf713cd09a7f318fddfb1c3190b68cf.jpg</filename>
	<path>img-11110_jpg.rf.fcf713cd09a7f318fddfb1c3190b68cf.jpg</path>
	<source>
		<database>roboflow.ai</database>
	</source>
	<size>
		<width>1280</width>
		<height>720</height>
		<depth>3</depth>
	</size>
	<segmented>0</segmented>
	<object>
		<name>drone</name>
		<pose>Unspecified</pose>
		<truncated>0</truncated>
		<difficult>0</difficult>
		<occluded>0</occluded>
		<bndbox>
			<xmin>278</xmin>
			<xmax>1044</xmax>
			<ymin>101</ymin>
			<ymax>431</ymax>
		</bndbox>
	</object>
</annotation>
