<annotation>
	<folder></folder>
	<filename>img-8110_jpg.rf.bd6efc490d6eb52dacdba35d5a5e5b60.jpg</filename>
	<path>img-8110_jpg.rf.bd6efc490d6eb52dacdba35d5a5e5b60.jpg</path>
	<source>
		<database>roboflow.ai</database>
	</source>
	<size>
		<width>1280</width>
		<height>720</height>
		<depth>3</depth>
	</size>
	<segmented>0</segmented>
	<object>
		<name>drone</name>
		<pose>Unspecified</pose>
		<truncated>0</truncated>
		<difficult>0</difficult>
		<occluded>0</occluded>
		<bndbox>
			<xmin>206</xmin>
			<xmax>1105</xmax>
			<ymin>238</ymin>
			<ymax>547</ymax>
		</bndbox>
	</object>
</annotation>
