<annotation>
	<folder></folder>
	<filename>img-13750_jpg.rf.0b2bb2517ef9e60b8e6649e6e79f0397.jpg</filename>
	<path>img-13750_jpg.rf.0b2bb2517ef9e60b8e6649e6e79f0397.jpg</path>
	<source>
		<database>roboflow.ai</database>
	</source>
	<size>
		<width>1280</width>
		<height>720</height>
		<depth>3</depth>
	</size>
	<segmented>0</segmented>
	<object>
		<name>drone</name>
		<pose>Unspecified</pose>
		<truncated>0</truncated>
		<difficult>0</difficult>
		<occluded>0</occluded>
		<bndbox>
			<xmin>185</xmin>
			<xmax>881</xmax>
			<ymin>1</ymin>
			<ymax>524</ymax>
		</bndbox>
	</object>
</annotation>
