<annotation>
	<folder></folder>
	<filename>img-off-2-0_jpg.rf.08c696c8fbbd712057bd23c2f71ce1fe.jpg</filename>
	<path>img-off-2-0_jpg.rf.08c696c8fbbd712057bd23c2f71ce1fe.jpg</path>
	<source>
		<database>roboflow.ai</database>
	</source>
	<size>
		<width>1280</width>
		<height>720</height>
		<depth>3</depth>
	</size>
	<segmented>0</segmented>
	<object>
		<name>drone</name>
		<pose>Unspecified</pose>
		<truncated>0</truncated>
		<difficult>0</difficult>
		<occluded>0</occluded>
		<bndbox>
			<xmin>290</xmin>
			<xmax>903</xmax>
			<ymin>219</ymin>
			<ymax>633</ymax>
		</bndbox>
	</object>
</annotation>
