<annotation>
	<folder></folder>
	<filename>img-off-1610_jpg.rf.26e5c206ee9464811ee1b9b085e853ac.jpg</filename>
	<path>img-off-1610_jpg.rf.26e5c206ee9464811ee1b9b085e853ac.jpg</path>
	<source>
		<database>roboflow.ai</database>
	</source>
	<size>
		<width>1280</width>
		<height>720</height>
		<depth>3</depth>
	</size>
	<segmented>0</segmented>
	<object>
		<name>drone</name>
		<pose>Unspecified</pose>
		<truncated>0</truncated>
		<difficult>0</difficult>
		<occluded>0</occluded>
		<bndbox>
			<xmin>338</xmin>
			<xmax>628</xmax>
			<ymin>92</ymin>
			<ymax>191</ymax>
		</bndbox>
	</object>
</annotation>
