<annotation>
	<folder></folder>
	<filename>img-off-2-960_jpg.rf.21bfef70a3ef4f18dc013fc5a6c5a838.jpg</filename>
	<path>img-off-2-960_jpg.rf.21bfef70a3ef4f18dc013fc5a6c5a838.jpg</path>
	<source>
		<database>roboflow.ai</database>
	</source>
	<size>
		<width>1280</width>
		<height>720</height>
		<depth>3</depth>
	</size>
	<segmented>0</segmented>
	<object>
		<name>drone</name>
		<pose>Unspecified</pose>
		<truncated>0</truncated>
		<difficult>0</difficult>
		<occluded>0</occluded>
		<bndbox>
			<xmin>198</xmin>
			<xmax>877</xmax>
			<ymin>140</ymin>
			<ymax>712</ymax>
		</bndbox>
	</object>
</annotation>
