<annotation>
	<folder></folder>
	<filename>img-12070_jpg.rf.f1147d13907dc60d39fe84c971e3ea49.jpg</filename>
	<path>img-12070_jpg.rf.f1147d13907dc60d39fe84c971e3ea49.jpg</path>
	<source>
		<database>roboflow.ai</database>
	</source>
	<size>
		<width>1280</width>
		<height>720</height>
		<depth>3</depth>
	</size>
	<segmented>0</segmented>
	<object>
		<name>drone</name>
		<pose>Unspecified</pose>
		<truncated>0</truncated>
		<difficult>0</difficult>
		<occluded>0</occluded>
		<bndbox>
			<xmin>841</xmin>
			<xmax>1278</xmax>
			<ymin>573</ymin>
			<ymax>710</ymax>
		</bndbox>
	</object>
</annotation>
