<annotation>
	<folder></folder>
	<filename>img-off-2-550_jpg.rf.f19e94b52fae890a8aaa490e67a9e06f.jpg</filename>
	<path>img-off-2-550_jpg.rf.f19e94b52fae890a8aaa490e67a9e06f.jpg</path>
	<source>
		<database>roboflow.ai</database>
	</source>
	<size>
		<width>1280</width>
		<height>720</height>
		<depth>3</depth>
	</size>
	<segmented>0</segmented>
	<object>
		<name>drone</name>
		<pose>Unspecified</pose>
		<truncated>0</truncated>
		<difficult>0</difficult>
		<occluded>0</occluded>
		<bndbox>
			<xmin>36</xmin>
			<xmax>659</xmax>
			<ymin>293</ymin>
			<ymax>721</ymax>
		</bndbox>
	</object>
</annotation>
