<annotation>
	<folder></folder>
	<filename>img-off-2-760_jpg.rf.437328884e532119174e485428918171.jpg</filename>
	<path>img-off-2-760_jpg.rf.437328884e532119174e485428918171.jpg</path>
	<source>
		<database>roboflow.ai</database>
	</source>
	<size>
		<width>1280</width>
		<height>720</height>
		<depth>3</depth>
	</size>
	<segmented>0</segmented>
	<object>
		<name>drone</name>
		<pose>Unspecified</pose>
		<truncated>0</truncated>
		<difficult>0</difficult>
		<occluded>0</occluded>
		<bndbox>
			<xmin>338</xmin>
			<xmax>974</xmax>
			<ymin>53</ymin>
			<ymax>721</ymax>
		</bndbox>
	</object>
</annotation>
