<annotation>
	<folder></folder>
	<filename>img-off-1480_jpg.rf.e50ffd3d813f70324526290bdb439c5a.jpg</filename>
	<path>img-off-1480_jpg.rf.e50ffd3d813f70324526290bdb439c5a.jpg</path>
	<source>
		<database>roboflow.ai</database>
	</source>
	<size>
		<width>1280</width>
		<height>720</height>
		<depth>3</depth>
	</size>
	<segmented>0</segmented>
	<object>
		<name>drone</name>
		<pose>Unspecified</pose>
		<truncated>0</truncated>
		<difficult>0</difficult>
		<occluded>0</occluded>
		<bndbox>
			<xmin>522</xmin>
			<xmax>865</xmax>
			<ymin>104</ymin>
			<ymax>282</ymax>
		</bndbox>
	</object>
</annotation>
