<annotation>
	<folder></folder>
	<filename>img-12530_jpg.rf.6baab2a8c0f9de30c0b3ae4e9bc18efa.jpg</filename>
	<path>img-12530_jpg.rf.6baab2a8c0f9de30c0b3ae4e9bc18efa.jpg</path>
	<source>
		<database>roboflow.ai</database>
	</source>
	<size>
		<width>1280</width>
		<height>720</height>
		<depth>3</depth>
	</size>
	<segmented>0</segmented>
	<object>
		<name>drone</name>
		<pose>Unspecified</pose>
		<truncated>0</truncated>
		<difficult>0</difficult>
		<occluded>0</occluded>
		<bndbox>
			<xmin>608</xmin>
			<xmax>999</xmax>
			<ymin>411</ymin>
			<ymax>560</ymax>
		</bndbox>
	</object>
</annotation>
