<annotation>
	<folder></folder>
	<filename>img-11690_jpg.rf.f074fe7352acb6f0699c3381c810e696.jpg</filename>
	<path>img-11690_jpg.rf.f074fe7352acb6f0699c3381c810e696.jpg</path>
	<source>
		<database>roboflow.ai</database>
	</source>
	<size>
		<width>1280</width>
		<height>720</height>
		<depth>3</depth>
	</size>
	<segmented>0</segmented>
	<object>
		<name>drone</name>
		<pose>Unspecified</pose>
		<truncated>0</truncated>
		<difficult>0</difficult>
		<occluded>0</occluded>
		<bndbox>
			<xmin>266</xmin>
			<xmax>1040</xmax>
			<ymin>271</ymin>
			<ymax>415</ymax>
		</bndbox>
	</object>
</annotation>
