<annotation>
	<folder></folder>
	<filename>img-off-1120_jpg.rf.537db271c59574c07db485f1d2e3e0ec.jpg</filename>
	<path>img-off-1120_jpg.rf.537db271c59574c07db485f1d2e3e0ec.jpg</path>
	<source>
		<database>roboflow.ai</database>
	</source>
	<size>
		<width>1280</width>
		<height>720</height>
		<depth>3</depth>
	</size>
	<segmented>0</segmented>
	<object>
		<name>drone</name>
		<pose>Unspecified</pose>
		<truncated>0</truncated>
		<difficult>0</difficult>
		<occluded>0</occluded>
		<bndbox>
			<xmin>518</xmin>
			<xmax>909</xmax>
			<ymin>128</ymin>
			<ymax>290</ymax>
		</bndbox>
	</object>
</annotation>
