<annotation>
	<folder></folder>
	<filename>img-12200_jpg.rf.2a57d8a910f8420ca6115e1ba87c0e64.jpg</filename>
	<path>img-12200_jpg.rf.2a57d8a910f8420ca6115e1ba87c0e64.jpg</path>
	<source>
		<database>roboflow.ai</database>
	</source>
	<size>
		<width>1280</width>
		<height>720</height>
		<depth>3</depth>
	</size>
	<segmented>0</segmented>
	<object>
		<name>drone</name>
		<pose>Unspecified</pose>
		<truncated>0</truncated>
		<difficult>0</difficult>
		<occluded>0</occluded>
		<bndbox>
			<xmin>712</xmin>
			<xmax>1139</xmax>
			<ymin>280</ymin>
			<ymax>383</ymax>
		</bndbox>
	</object>
</annotation>
