<annotation>
	<folder></folder>
	<filename>img-12610_jpg.rf.2db25d573e7719b410ff78a928ce5a46.jpg</filename>
	<path>img-12610_jpg.rf.2db25d573e7719b410ff78a928ce5a46.jpg</path>
	<source>
		<database>roboflow.ai</database>
	</source>
	<size>
		<width>1280</width>
		<height>720</height>
		<depth>3</depth>
	</size>
	<segmented>0</segmented>
	<object>
		<name>drone</name>
		<pose>Unspecified</pose>
		<truncated>0</truncated>
		<difficult>0</difficult>
		<occluded>0</occluded>
		<bndbox>
			<xmin>846</xmin>
			<xmax>1275</xmax>
			<ymin>593</ymin>
			<ymax>714</ymax>
		</bndbox>
	</object>
</annotation>
