<annotation>
	<folder></folder>
	<filename>img-930_jpg.rf.97467839627f08d24e40d119761a58c1.jpg</filename>
	<path>img-930_jpg.rf.97467839627f08d24e40d119761a58c1.jpg</path>
	<source>
		<database>roboflow.ai</database>
	</source>
	<size>
		<width>1280</width>
		<height>720</height>
		<depth>3</depth>
	</size>
	<segmented>0</segmented>
	<object>
		<name>drone</name>
		<pose>Unspecified</pose>
		<truncated>0</truncated>
		<difficult>0</difficult>
		<occluded>0</occluded>
		<bndbox>
			<xmin>75</xmin>
			<xmax>361</xmax>
			<ymin>203</ymin>
			<ymax>427</ymax>
		</bndbox>
	</object>
	<object>
		<name>drone</name>
		<pose>Unspecified</pose>
		<truncated>0</truncated>
		<difficult>0</difficult>
		<occluded>0</occluded>
		<bndbox>
			<xmin>303</xmin>
			<xmax>883</xmax>
			<ymin>171</ymin>
			<ymax>519</ymax>
		</bndbox>
	</object>
	<object>
		<name>drone</name>
		<pose>Unspecified</pose>
		<truncated>0</truncated>
		<difficult>0</difficult>
		<occluded>0</occluded>
		<bndbox>
			<xmin>567</xmin>
			<xmax>1197</xmax>
			<ymin>203</ymin>
			<ymax>631</ymax>
		</bndbox>
	</object>
</annotation>
