<annotation>
	<folder></folder>
	<filename>img-off-1580_jpg.rf.48629fa85064d3644dee111e4b1d7c95.jpg</filename>
	<path>img-off-1580_jpg.rf.48629fa85064d3644dee111e4b1d7c95.jpg</path>
	<source>
		<database>roboflow.ai</database>
	</source>
	<size>
		<width>1280</width>
		<height>720</height>
		<depth>3</depth>
	</size>
	<segmented>0</segmented>
	<object>
		<name>drone</name>
		<pose>Unspecified</pose>
		<truncated>0</truncated>
		<difficult>0</difficult>
		<occluded>0</occluded>
		<bndbox>
			<xmin>349</xmin>
			<xmax>596</xmax>
			<ymin>230</ymin>
			<ymax>305</ymax>
		</bndbox>
	</object>
</annotation>
