<annotation>
	<folder></folder>
	<filename>img-off-2-100_jpg.rf.3e7db8313c3098350157cc44e355171e.jpg</filename>
	<path>img-off-2-100_jpg.rf.3e7db8313c3098350157cc44e355171e.jpg</path>
	<source>
		<database>roboflow.ai</database>
	</source>
	<size>
		<width>1280</width>
		<height>720</height>
		<depth>3</depth>
	</size>
	<segmented>0</segmented>
	<object>
		<name>drone</name>
		<pose>Unspecified</pose>
		<truncated>0</truncated>
		<difficult>0</difficult>
		<occluded>0</occluded>
		<bndbox>
			<xmin>29</xmin>
			<xmax>736</xmax>
			<ymin>222</ymin>
			<ymax>721</ymax>
		</bndbox>
	</object>
</annotation>
