<annotation>
	<folder></folder>
	<filename>img-off-830_jpg.rf.1b68c93b76cb304fd1ee751bb50859dd.jpg</filename>
	<path>img-off-830_jpg.rf.1b68c93b76cb304fd1ee751bb50859dd.jpg</path>
	<source>
		<database>roboflow.ai</database>
	</source>
	<size>
		<width>1280</width>
		<height>720</height>
		<depth>3</depth>
	</size>
	<segmented>0</segmented>
	<object>
		<name>drone</name>
		<pose>Unspecified</pose>
		<truncated>0</truncated>
		<difficult>0</difficult>
		<occluded>0</occluded>
		<bndbox>
			<xmin>391</xmin>
			<xmax>778</xmax>
			<ymin>101</ymin>
			<ymax>355</ymax>
		</bndbox>
	</object>
</annotation>
