<annotation>
	<folder></folder>
	<filename>img-off-1160_jpg.rf.48391eedb307f96a5a9ef3bd06fbe1f0.jpg</filename>
	<path>img-off-1160_jpg.rf.48391eedb307f96a5a9ef3bd06fbe1f0.jpg</path>
	<source>
		<database>roboflow.ai</database>
	</source>
	<size>
		<width>1280</width>
		<height>720</height>
		<depth>3</depth>
	</size>
	<segmented>0</segmented>
	<object>
		<name>drone</name>
		<pose>Unspecified</pose>
		<truncated>0</truncated>
		<difficult>0</difficult>
		<occluded>0</occluded>
		<bndbox>
			<xmin>287</xmin>
			<xmax>863</xmax>
			<ymin>336</ymin>
			<ymax>679</ymax>
		</bndbox>
	</object>
</annotation>
