<annotation>
	<folder></folder>
	<filename>img-off-2-180_jpg.rf.c42b097af4cad16860fa2c610590482d.jpg</filename>
	<path>img-off-2-180_jpg.rf.c42b097af4cad16860fa2c610590482d.jpg</path>
	<source>
		<database>roboflow.ai</database>
	</source>
	<size>
		<width>1280</width>
		<height>720</height>
		<depth>3</depth>
	</size>
	<segmented>0</segmented>
	<object>
		<name>drone</name>
		<pose>Unspecified</pose>
		<truncated>0</truncated>
		<difficult>0</difficult>
		<occluded>0</occluded>
		<bndbox>
			<xmin>380</xmin>
			<xmax>978</xmax>
			<ymin>219</ymin>
			<ymax>670</ymax>
		</bndbox>
	</object>
</annotation>
