<annotation>
	<folder></folder>
	<filename>img-1290_jpg.rf.6a0e7c9aaf44a7cf27064a556b33db2f.jpg</filename>
	<path>img-1290_jpg.rf.6a0e7c9aaf44a7cf27064a556b33db2f.jpg</path>
	<source>
		<database>roboflow.ai</database>
	</source>
	<size>
		<width>1280</width>
		<height>720</height>
		<depth>3</depth>
	</size>
	<segmented>0</segmented>
	<object>
		<name>drone</name>
		<pose>Unspecified</pose>
		<truncated>0</truncated>
		<difficult>0</difficult>
		<occluded>0</occluded>
		<bndbox>
			<xmin>199</xmin>
			<xmax>1085</xmax>
			<ymin>170</ymin>
			<ymax>616</ymax>
		</bndbox>
	</object>
</annotation>
