<annotation>
	<folder></folder>
	<filename>img-off-1760_jpg.rf.72cf9a5b773db133221195d016311b54.jpg</filename>
	<path>img-off-1760_jpg.rf.72cf9a5b773db133221195d016311b54.jpg</path>
	<source>
		<database>roboflow.ai</database>
	</source>
	<size>
		<width>1280</width>
		<height>720</height>
		<depth>3</depth>
	</size>
	<segmented>0</segmented>
	<object>
		<name>drone</name>
		<pose>Unspecified</pose>
		<truncated>0</truncated>
		<difficult>0</difficult>
		<occluded>0</occluded>
		<bndbox>
			<xmin>542</xmin>
			<xmax>709</xmax>
			<ymin>60</ymin>
			<ymax>132</ymax>
		</bndbox>
	</object>
</annotation>
