<annotation>
	<folder></folder>
	<filename>img-off-890_jpg.rf.b4dede1802d0feef212feba1bf1c4210.jpg</filename>
	<path>img-off-890_jpg.rf.b4dede1802d0feef212feba1bf1c4210.jpg</path>
	<source>
		<database>roboflow.ai</database>
	</source>
	<size>
		<width>1280</width>
		<height>720</height>
		<depth>3</depth>
	</size>
	<segmented>0</segmented>
	<object>
		<name>drone</name>
		<pose>Unspecified</pose>
		<truncated>0</truncated>
		<difficult>0</difficult>
		<occluded>0</occluded>
		<bndbox>
			<xmin>530</xmin>
			<xmax>864</xmax>
			<ymin>315</ymin>
			<ymax>561</ymax>
		</bndbox>
	</object>
</annotation>
