<annotation>
	<folder></folder>
	<filename>img-off-370_jpg.rf.bee8cf031f4315a2959d804faf6d3635.jpg</filename>
	<path>img-off-370_jpg.rf.bee8cf031f4315a2959d804faf6d3635.jpg</path>
	<source>
		<database>roboflow.ai</database>
	</source>
	<size>
		<width>1280</width>
		<height>720</height>
		<depth>3</depth>
	</size>
	<segmented>0</segmented>
	<object>
		<name>drone</name>
		<pose>Unspecified</pose>
		<truncated>0</truncated>
		<difficult>0</difficult>
		<occluded>0</occluded>
		<bndbox>
			<xmin>561</xmin>
			<xmax>648</xmax>
			<ymin>225</ymin>
			<ymax>250</ymax>
		</bndbox>
	</object>
</annotation>
