<annotation>
	<folder></folder>
	<filename>img-off-860_jpg.rf.b90f89897c612bad9b6a91e72ff5dc7a.jpg</filename>
	<path>img-off-860_jpg.rf.b90f89897c612bad9b6a91e72ff5dc7a.jpg</path>
	<source>
		<database>roboflow.ai</database>
	</source>
	<size>
		<width>1280</width>
		<height>720</height>
		<depth>3</depth>
	</size>
	<segmented>0</segmented>
	<object>
		<name>drone</name>
		<pose>Unspecified</pose>
		<truncated>0</truncated>
		<difficult>0</difficult>
		<occluded>0</occluded>
		<bndbox>
			<xmin>436</xmin>
			<xmax>788</xmax>
			<ymin>320</ymin>
			<ymax>579</ymax>
		</bndbox>
	</object>
</annotation>
