<annotation>
	<folder></folder>
	<filename>img-9010_jpg.rf.0e10d71afec3c05e3ca1ad48efd9f19e.jpg</filename>
	<path>img-9010_jpg.rf.0e10d71afec3c05e3ca1ad48efd9f19e.jpg</path>
	<source>
		<database>roboflow.ai</database>
	</source>
	<size>
		<width>1280</width>
		<height>720</height>
		<depth>3</depth>
	</size>
	<segmented>0</segmented>
	<object>
		<name>drone</name>
		<pose>Unspecified</pose>
		<truncated>0</truncated>
		<difficult>0</difficult>
		<occluded>0</occluded>
		<bndbox>
			<xmin>45</xmin>
			<xmax>1228</xmax>
			<ymin>231</ymin>
			<ymax>481</ymax>
		</bndbox>
	</object>
</annotation>
