<annotation>
	<folder></folder>
	<filename>img-4560_jpg.rf.9fdbda96c20140124fd0854e78827afe.jpg</filename>
	<path>img-4560_jpg.rf.9fdbda96c20140124fd0854e78827afe.jpg</path>
	<source>
		<database>roboflow.ai</database>
	</source>
	<size>
		<width>1280</width>
		<height>720</height>
		<depth>3</depth>
	</size>
	<segmented>0</segmented>
	<object>
		<name>drone</name>
		<pose>Unspecified</pose>
		<truncated>0</truncated>
		<difficult>0</difficult>
		<occluded>0</occluded>
		<bndbox>
			<xmin>190</xmin>
			<xmax>1050</xmax>
			<ymin>92</ymin>
			<ymax>412</ymax>
		</bndbox>
	</object>
</annotation>
