<annotation>
	<folder></folder>
	<filename>img-off-800_jpg.rf.c093221b0b7dd7fc728764022defb98d.jpg</filename>
	<path>img-off-800_jpg.rf.c093221b0b7dd7fc728764022defb98d.jpg</path>
	<source>
		<database>roboflow.ai</database>
	</source>
	<size>
		<width>1280</width>
		<height>720</height>
		<depth>3</depth>
	</size>
	<segmented>0</segmented>
	<object>
		<name>drone</name>
		<pose>Unspecified</pose>
		<truncated>0</truncated>
		<difficult>0</difficult>
		<occluded>0</occluded>
		<bndbox>
			<xmin>600</xmin>
			<xmax>1063</xmax>
			<ymin>95</ymin>
			<ymax>406</ymax>
		</bndbox>
	</object>
</annotation>
