<annotation>
	<folder></folder>
	<filename>img-off-1180_jpg.rf.5a4fd6f2a7540df79c786c4725e2b022.jpg</filename>
	<path>img-off-1180_jpg.rf.5a4fd6f2a7540df79c786c4725e2b022.jpg</path>
	<source>
		<database>roboflow.ai</database>
	</source>
	<size>
		<width>1280</width>
		<height>720</height>
		<depth>3</depth>
	</size>
	<segmented>0</segmented>
	<object>
		<name>drone</name>
		<pose>Unspecified</pose>
		<truncated>0</truncated>
		<difficult>0</difficult>
		<occluded>0</occluded>
		<bndbox>
			<xmin>160</xmin>
			<xmax>570</xmax>
			<ymin>1</ymin>
			<ymax>91</ymax>
		</bndbox>
	</object>
</annotation>
