<annotation>
	<folder></folder>
	<filename>img-off-2-750_jpg.rf.3da0304375a5ac9ad342d71905bdd003.jpg</filename>
	<path>img-off-2-750_jpg.rf.3da0304375a5ac9ad342d71905bdd003.jpg</path>
	<source>
		<database>roboflow.ai</database>
	</source>
	<size>
		<width>1280</width>
		<height>720</height>
		<depth>3</depth>
	</size>
	<segmented>0</segmented>
	<object>
		<name>drone</name>
		<pose>Unspecified</pose>
		<truncated>0</truncated>
		<difficult>0</difficult>
		<occluded>0</occluded>
		<bndbox>
			<xmin>285</xmin>
			<xmax>950</xmax>
			<ymin>187</ymin>
			<ymax>551</ymax>
		</bndbox>
	</object>
</annotation>
