<annotation>
	<folder></folder>
	<filename>img-11650_jpg.rf.1a421090c41f5c13a76ca6e2f3d9dbdc.jpg</filename>
	<path>img-11650_jpg.rf.1a421090c41f5c13a76ca6e2f3d9dbdc.jpg</path>
	<source>
		<database>roboflow.ai</database>
	</source>
	<size>
		<width>1280</width>
		<height>720</height>
		<depth>3</depth>
	</size>
	<segmented>0</segmented>
	<object>
		<name>drone</name>
		<pose>Unspecified</pose>
		<truncated>0</truncated>
		<difficult>0</difficult>
		<occluded>0</occluded>
		<bndbox>
			<xmin>37</xmin>
			<xmax>889</xmax>
			<ymin>318</ymin>
			<ymax>581</ymax>
		</bndbox>
	</object>
</annotation>
