<annotation>
	<folder></folder>
	<filename>img-off-2-730_jpg.rf.34e122d92cdb60ae0f981245172d7859.jpg</filename>
	<path>img-off-2-730_jpg.rf.34e122d92cdb60ae0f981245172d7859.jpg</path>
	<source>
		<database>roboflow.ai</database>
	</source>
	<size>
		<width>1280</width>
		<height>720</height>
		<depth>3</depth>
	</size>
	<segmented>0</segmented>
	<object>
		<name>drone</name>
		<pose>Unspecified</pose>
		<truncated>0</truncated>
		<difficult>0</difficult>
		<occluded>0</occluded>
		<bndbox>
			<xmin>384</xmin>
			<xmax>1110</xmax>
			<ymin>104</ymin>
			<ymax>721</ymax>
		</bndbox>
	</object>
</annotation>
