<annotation>
	<folder></folder>
	<filename>img-off-1590_jpg.rf.013ad80272f8241663bf6932da5595d4.jpg</filename>
	<path>img-off-1590_jpg.rf.013ad80272f8241663bf6932da5595d4.jpg</path>
	<source>
		<database>roboflow.ai</database>
	</source>
	<size>
		<width>1280</width>
		<height>720</height>
		<depth>3</depth>
	</size>
	<segmented>0</segmented>
	<object>
		<name>drone</name>
		<pose>Unspecified</pose>
		<truncated>0</truncated>
		<difficult>0</difficult>
		<occluded>0</occluded>
		<bndbox>
			<xmin>377</xmin>
			<xmax>624</xmax>
			<ymin>186</ymin>
			<ymax>265</ymax>
		</bndbox>
	</object>
</annotation>
