<annotation>
	<folder></folder>
	<filename>img-off-200_jpg.rf.61840ee95355a18db64561656d5d0da5.jpg</filename>
	<path>img-off-200_jpg.rf.61840ee95355a18db64561656d5d0da5.jpg</path>
	<source>
		<database>roboflow.ai</database>
	</source>
	<size>
		<width>1280</width>
		<height>720</height>
		<depth>3</depth>
	</size>
	<segmented>0</segmented>
	<object>
		<name>drone</name>
		<pose>Unspecified</pose>
		<truncated>0</truncated>
		<difficult>0</difficult>
		<occluded>0</occluded>
		<bndbox>
			<xmin>619</xmin>
			<xmax>724</xmax>
			<ymin>132</ymin>
			<ymax>169</ymax>
		</bndbox>
	</object>
</annotation>
