<annotation>
	<folder></folder>
	<filename>img-off-780_jpg.rf.cb5cb6ffa77530688892173649d453e3.jpg</filename>
	<path>img-off-780_jpg.rf.cb5cb6ffa77530688892173649d453e3.jpg</path>
	<source>
		<database>roboflow.ai</database>
	</source>
	<size>
		<width>1280</width>
		<height>720</height>
		<depth>3</depth>
	</size>
	<segmented>0</segmented>
	<object>
		<name>drone</name>
		<pose>Unspecified</pose>
		<truncated>0</truncated>
		<difficult>0</difficult>
		<occluded>0</occluded>
		<bndbox>
			<xmin>121</xmin>
			<xmax>570</xmax>
			<ymin>160</ymin>
			<ymax>474</ymax>
		</bndbox>
	</object>
</annotation>
