<annotation>
	<folder></folder>
	<filename>img-off-2-320_jpg.rf.a541dbbc9d00977f13c7bd647279d0bc.jpg</filename>
	<path>img-off-2-320_jpg.rf.a541dbbc9d00977f13c7bd647279d0bc.jpg</path>
	<source>
		<database>roboflow.ai</database>
	</source>
	<size>
		<width>1280</width>
		<height>720</height>
		<depth>3</depth>
	</size>
	<segmented>0</segmented>
	<object>
		<name>drone</name>
		<pose>Unspecified</pose>
		<truncated>0</truncated>
		<difficult>0</difficult>
		<occluded>0</occluded>
		<bndbox>
			<xmin>431</xmin>
			<xmax>900</xmax>
			<ymin>204</ymin>
			<ymax>575</ymax>
		</bndbox>
	</object>
</annotation>
