<annotation>
	<folder></folder>
	<filename>img-off-1470_jpg.rf.ec96ee2c62ca14f8885231d8f3a3ea99.jpg</filename>
	<path>img-off-1470_jpg.rf.ec96ee2c62ca14f8885231d8f3a3ea99.jpg</path>
	<source>
		<database>roboflow.ai</database>
	</source>
	<size>
		<width>1280</width>
		<height>720</height>
		<depth>3</depth>
	</size>
	<segmented>0</segmented>
	<object>
		<name>drone</name>
		<pose>Unspecified</pose>
		<truncated>0</truncated>
		<difficult>0</difficult>
		<occluded>0</occluded>
		<bndbox>
			<xmin>566</xmin>
			<xmax>864</xmax>
			<ymin>212</ymin>
			<ymax>377</ymax>
		</bndbox>
	</object>
</annotation>
