<annotation>
	<folder></folder>
	<filename>img-off-1450_jpg.rf.f3e55ffefd10c4ba1a63df2b421216e2.jpg</filename>
	<path>img-off-1450_jpg.rf.f3e55ffefd10c4ba1a63df2b421216e2.jpg</path>
	<source>
		<database>roboflow.ai</database>
	</source>
	<size>
		<width>1280</width>
		<height>720</height>
		<depth>3</depth>
	</size>
	<segmented>0</segmented>
	<object>
		<name>drone</name>
		<pose>Unspecified</pose>
		<truncated>0</truncated>
		<difficult>0</difficult>
		<occluded>0</occluded>
		<bndbox>
			<xmin>327</xmin>
			<xmax>602</xmax>
			<ymin>37</ymin>
			<ymax>228</ymax>
		</bndbox>
	</object>
</annotation>
