<annotation>
	<folder></folder>
	<filename>img-11680_jpg.rf.843e33c6c1fac61f0ad06311973a6942.jpg</filename>
	<path>img-11680_jpg.rf.843e33c6c1fac61f0ad06311973a6942.jpg</path>
	<source>
		<database>roboflow.ai</database>
	</source>
	<size>
		<width>1280</width>
		<height>720</height>
		<depth>3</depth>
	</size>
	<segmented>0</segmented>
	<object>
		<name>drone</name>
		<pose>Unspecified</pose>
		<truncated>0</truncated>
		<difficult>0</difficult>
		<occluded>0</occluded>
		<bndbox>
			<xmin>257</xmin>
			<xmax>997</xmax>
			<ymin>275</ymin>
			<ymax>417</ymax>
		</bndbox>
	</object>
</annotation>
