<annotation>
	<folder></folder>
	<filename>img-11610_jpg.rf.7e7aed09539634332efd69a2f92a9c2e.jpg</filename>
	<path>img-11610_jpg.rf.7e7aed09539634332efd69a2f92a9c2e.jpg</path>
	<source>
		<database>roboflow.ai</database>
	</source>
	<size>
		<width>1280</width>
		<height>720</height>
		<depth>3</depth>
	</size>
	<segmented>0</segmented>
	<object>
		<name>drone</name>
		<pose>Unspecified</pose>
		<truncated>0</truncated>
		<difficult>0</difficult>
		<occluded>0</occluded>
		<bndbox>
			<xmin>17</xmin>
			<xmax>857</xmax>
			<ymin>247</ymin>
			<ymax>494</ymax>
		</bndbox>
	</object>
</annotation>
