<annotation>
	<folder></folder>
	<filename>img-22940_jpg.rf.4197f459528fb1842b312fd0f09a0151.jpg</filename>
	<path>img-22940_jpg.rf.4197f459528fb1842b312fd0f09a0151.jpg</path>
	<source>
		<database>roboflow.ai</database>
	</source>
	<size>
		<width>1280</width>
		<height>720</height>
		<depth>3</depth>
	</size>
	<segmented>0</segmented>
	<object>
		<name>drone</name>
		<pose>Unspecified</pose>
		<truncated>0</truncated>
		<difficult>0</difficult>
		<occluded>0</occluded>
		<bndbox>
			<xmin>259</xmin>
			<xmax>461</xmax>
			<ymin>193</ymin>
			<ymax>268</ymax>
		</bndbox>
	</object>
</annotation>
