<annotation>
	<folder></folder>
	<filename>img-off-2-710_jpg.rf.a7ec83724f0cfad1ce64b1494539e015.jpg</filename>
	<path>img-off-2-710_jpg.rf.a7ec83724f0cfad1ce64b1494539e015.jpg</path>
	<source>
		<database>roboflow.ai</database>
	</source>
	<size>
		<width>1280</width>
		<height>720</height>
		<depth>3</depth>
	</size>
	<segmented>0</segmented>
	<object>
		<name>drone</name>
		<pose>Unspecified</pose>
		<truncated>0</truncated>
		<difficult>0</difficult>
		<occluded>0</occluded>
		<bndbox>
			<xmin>180</xmin>
			<xmax>862</xmax>
			<ymin>130</ymin>
			<ymax>696</ymax>
		</bndbox>
	</object>
</annotation>
