<annotation>
	<folder></folder>
	<filename>img-4210_jpg.rf.a17a9c4865d1fe93fbd2c94cf5c967e6.jpg</filename>
	<path>img-4210_jpg.rf.a17a9c4865d1fe93fbd2c94cf5c967e6.jpg</path>
	<source>
		<database>roboflow.ai</database>
	</source>
	<size>
		<width>1280</width>
		<height>720</height>
		<depth>3</depth>
	</size>
	<segmented>0</segmented>
	<object>
		<name>drone</name>
		<pose>Unspecified</pose>
		<truncated>0</truncated>
		<difficult>0</difficult>
		<occluded>0</occluded>
		<bndbox>
			<xmin>1</xmin>
			<xmax>1281</xmax>
			<ymin>72</ymin>
			<ymax>651</ymax>
		</bndbox>
	</object>
</annotation>
