<annotation>
	<folder></folder>
	<filename>img-off-1130_jpg.rf.6a24538f5b823d2e2994493ff394fc9f.jpg</filename>
	<path>img-off-1130_jpg.rf.6a24538f5b823d2e2994493ff394fc9f.jpg</path>
	<source>
		<database>roboflow.ai</database>
	</source>
	<size>
		<width>1280</width>
		<height>720</height>
		<depth>3</depth>
	</size>
	<segmented>0</segmented>
	<object>
		<name>drone</name>
		<pose>Unspecified</pose>
		<truncated>0</truncated>
		<difficult>0</difficult>
		<occluded>0</occluded>
		<bndbox>
			<xmin>535</xmin>
			<xmax>910</xmax>
			<ymin>1</ymin>
			<ymax>196</ymax>
		</bndbox>
	</object>
</annotation>
