<annotation>
	<folder></folder>
	<filename>img-20290_jpg.rf.a04683c86af6c00b4dd6ff8b0dffb203.jpg</filename>
	<path>img-20290_jpg.rf.a04683c86af6c00b4dd6ff8b0dffb203.jpg</path>
	<source>
		<database>roboflow.ai</database>
	</source>
	<size>
		<width>1280</width>
		<height>720</height>
		<depth>3</depth>
	</size>
	<segmented>0</segmented>
	<object>
		<name>drone</name>
		<pose>Unspecified</pose>
		<truncated>0</truncated>
		<difficult>0</difficult>
		<occluded>0</occluded>
		<bndbox>
			<xmin>39</xmin>
			<xmax>1281</xmax>
			<ymin>265</ymin>
			<ymax>565</ymax>
		</bndbox>
	</object>
</annotation>
