<annotation>
	<folder></folder>
	<filename>img-14260_jpg.rf.34ca641f32a565375b6a0bb4ea5daec6.jpg</filename>
	<path>img-14260_jpg.rf.34ca641f32a565375b6a0bb4ea5daec6.jpg</path>
	<source>
		<database>roboflow.ai</database>
	</source>
	<size>
		<width>1280</width>
		<height>720</height>
		<depth>3</depth>
	</size>
	<segmented>0</segmented>
	<object>
		<name>drone</name>
		<pose>Unspecified</pose>
		<truncated>0</truncated>
		<difficult>0</difficult>
		<occluded>0</occluded>
		<bndbox>
			<xmin>6</xmin>
			<xmax>474</xmax>
			<ymin>370</ymin>
			<ymax>721</ymax>
		</bndbox>
	</object>
	<object>
		<name>drone</name>
		<pose>Unspecified</pose>
		<truncated>0</truncated>
		<difficult>0</difficult>
		<occluded>0</occluded>
		<bndbox>
			<xmin>202</xmin>
			<xmax>699</xmax>
			<ymin>1</ymin>
			<ymax>389</ymax>
		</bndbox>
	</object>
	<object>
		<name>drone</name>
		<pose>Unspecified</pose>
		<truncated>0</truncated>
		<difficult>0</difficult>
		<occluded>0</occluded>
		<bndbox>
			<xmin>688</xmin>
			<xmax>1117</xmax>
			<ymin>3</ymin>
			<ymax>356</ymax>
		</bndbox>
	</object>
	<object>
		<name>drone</name>
		<pose>Unspecified</pose>
		<truncated>0</truncated>
		<difficult>0</difficult>
		<occluded>0</occluded>
		<bndbox>
			<xmin>668</xmin>
			<xmax>1091</xmax>
			<ymin>319</ymin>
			<ymax>721</ymax>
		</bndbox>
	</object>
</annotation>
