<annotation>
	<folder></folder>
	<filename>img-off-1080_jpg.rf.d783aa4893ac379c9534ca8813fa350a.jpg</filename>
	<path>img-off-1080_jpg.rf.d783aa4893ac379c9534ca8813fa350a.jpg</path>
	<source>
		<database>roboflow.ai</database>
	</source>
	<size>
		<width>1280</width>
		<height>720</height>
		<depth>3</depth>
	</size>
	<segmented>0</segmented>
	<object>
		<name>drone</name>
		<pose>Unspecified</pose>
		<truncated>0</truncated>
		<difficult>0</difficult>
		<occluded>0</occluded>
		<bndbox>
			<xmin>173</xmin>
			<xmax>604</xmax>
			<ymin>531</ymin>
			<ymax>669</ymax>
		</bndbox>
	</object>
</annotation>
