<annotation>
	<folder></folder>
	<filename>img-off-810_jpg.rf.c64b56c84640aee7020f44f9609a8a1f.jpg</filename>
	<path>img-off-810_jpg.rf.c64b56c84640aee7020f44f9609a8a1f.jpg</path>
	<source>
		<database>roboflow.ai</database>
	</source>
	<size>
		<width>1280</width>
		<height>720</height>
		<depth>3</depth>
	</size>
	<segmented>0</segmented>
	<object>
		<name>drone</name>
		<pose>Unspecified</pose>
		<truncated>0</truncated>
		<difficult>0</difficult>
		<occluded>0</occluded>
		<bndbox>
			<xmin>468</xmin>
			<xmax>953</xmax>
			<ymin>1</ymin>
			<ymax>280</ymax>
		</bndbox>
	</object>
</annotation>
