<annotation>
	<folder></folder>
	<filename>img-11350_jpg.rf.ed5fdb8d8db9aa61f02d04d8cbe00aff.jpg</filename>
	<path>img-11350_jpg.rf.ed5fdb8d8db9aa61f02d04d8cbe00aff.jpg</path>
	<source>
		<database>roboflow.ai</database>
	</source>
	<size>
		<width>1280</width>
		<height>720</height>
		<depth>3</depth>
	</size>
	<segmented>0</segmented>
	<object>
		<name>drone</name>
		<pose>Unspecified</pose>
		<truncated>0</truncated>
		<difficult>0</difficult>
		<occluded>0</occluded>
		<bndbox>
			<xmin>614</xmin>
			<xmax>841</xmax>
			<ymin>247</ymin>
			<ymax>454</ymax>
		</bndbox>
	</object>
</annotation>
