<annotation>
	<folder></folder>
	<filename>img-7880_jpg.rf.30095d0f831597dd40b6455c7459a770.jpg</filename>
	<path>img-7880_jpg.rf.30095d0f831597dd40b6455c7459a770.jpg</path>
	<source>
		<database>roboflow.ai</database>
	</source>
	<size>
		<width>1280</width>
		<height>720</height>
		<depth>3</depth>
	</size>
	<segmented>0</segmented>
	<object>
		<name>drone</name>
		<pose>Unspecified</pose>
		<truncated>0</truncated>
		<difficult>0</difficult>
		<occluded>0</occluded>
		<bndbox>
			<xmin>568</xmin>
			<xmax>998</xmax>
			<ymin>231</ymin>
			<ymax>440</ymax>
		</bndbox>
	</object>
</annotation>
