<annotation>
	<folder></folder>
	<filename>img-17130_jpg.rf.d971916b6c6a75b41918609368195b81.jpg</filename>
	<path>img-17130_jpg.rf.d971916b6c6a75b41918609368195b81.jpg</path>
	<source>
		<database>roboflow.ai</database>
	</source>
	<size>
		<width>1280</width>
		<height>720</height>
		<depth>3</depth>
	</size>
	<segmented>0</segmented>
	<object>
		<name>drone</name>
		<pose>Unspecified</pose>
		<truncated>0</truncated>
		<difficult>0</difficult>
		<occluded>0</occluded>
		<bndbox>
			<xmin>221</xmin>
			<xmax>939</xmax>
			<ymin>246</ymin>
			<ymax>616</ymax>
		</bndbox>
	</object>
</annotation>
