<annotation>
	<folder></folder>
	<filename>img-11760_jpg.rf.bd315b0d4fd632baf2e2f62eab48b960.jpg</filename>
	<path>img-11760_jpg.rf.bd315b0d4fd632baf2e2f62eab48b960.jpg</path>
	<source>
		<database>roboflow.ai</database>
	</source>
	<size>
		<width>1280</width>
		<height>720</height>
		<depth>3</depth>
	</size>
	<segmented>0</segmented>
	<object>
		<name>drone</name>
		<pose>Unspecified</pose>
		<truncated>0</truncated>
		<difficult>0</difficult>
		<occluded>0</occluded>
		<bndbox>
			<xmin>784</xmin>
			<xmax>1148</xmax>
			<ymin>169</ymin>
			<ymax>276</ymax>
		</bndbox>
	</object>
</annotation>
