<annotation>
	<folder></folder>
	<filename>img-6520_jpg.rf.7c2a8bcc029f67d5c8e65e1325a0f7b9.jpg</filename>
	<path>img-6520_jpg.rf.7c2a8bcc029f67d5c8e65e1325a0f7b9.jpg</path>
	<source>
		<database>roboflow.ai</database>
	</source>
	<size>
		<width>1280</width>
		<height>720</height>
		<depth>3</depth>
	</size>
	<segmented>0</segmented>
	<object>
		<name>drone</name>
		<pose>Unspecified</pose>
		<truncated>0</truncated>
		<difficult>0</difficult>
		<occluded>0</occluded>
		<bndbox>
			<xmin>1</xmin>
			<xmax>1281</xmax>
			<ymin>108</ymin>
			<ymax>590</ymax>
		</bndbox>
	</object>
</annotation>
