<annotation>
	<folder></folder>
	<filename>img-6470_jpg.rf.6460e08dae5b35224947acf5be824825.jpg</filename>
	<path>img-6470_jpg.rf.6460e08dae5b35224947acf5be824825.jpg</path>
	<source>
		<database>roboflow.ai</database>
	</source>
	<size>
		<width>1280</width>
		<height>720</height>
		<depth>3</depth>
	</size>
	<segmented>0</segmented>
	<object>
		<name>drone</name>
		<pose>Unspecified</pose>
		<truncated>0</truncated>
		<difficult>0</difficult>
		<occluded>0</occluded>
		<bndbox>
			<xmin>1</xmin>
			<xmax>1281</xmax>
			<ymin>103</ymin>
			<ymax>568</ymax>
		</bndbox>
	</object>
	<object>
		<name>drone</name>
		<pose>Unspecified</pose>
		<truncated>0</truncated>
		<difficult>0</difficult>
		<occluded>0</occluded>
		<bndbox>
			<xmin>984</xmin>
			<xmax>1281</xmax>
			<ymin>1</ymin>
			<ymax>131</ymax>
		</bndbox>
	</object>
</annotation>
