<annotation>
	<folder></folder>
	<filename>img-22730_jpg.rf.67a44efccd103a3accef7c857f2a2671.jpg</filename>
	<path>img-22730_jpg.rf.67a44efccd103a3accef7c857f2a2671.jpg</path>
	<source>
		<database>roboflow.ai</database>
	</source>
	<size>
		<width>1280</width>
		<height>720</height>
		<depth>3</depth>
	</size>
	<segmented>0</segmented>
	<object>
		<name>drone</name>
		<pose>Unspecified</pose>
		<truncated>0</truncated>
		<difficult>0</difficult>
		<occluded>0</occluded>
		<bndbox>
			<xmin>13</xmin>
			<xmax>1281</xmax>
			<ymin>166</ymin>
			<ymax>600</ymax>
		</bndbox>
	</object>
</annotation>
