<annotation>
	<folder></folder>
	<filename>img-13470_jpg.rf.f46994d56097e93de8d9b94c702eb88e.jpg</filename>
	<path>img-13470_jpg.rf.f46994d56097e93de8d9b94c702eb88e.jpg</path>
	<source>
		<database>roboflow.ai</database>
	</source>
	<size>
		<width>1280</width>
		<height>720</height>
		<depth>3</depth>
	</size>
	<segmented>0</segmented>
	<object>
		<name>drone</name>
		<pose>Unspecified</pose>
		<truncated>0</truncated>
		<difficult>0</difficult>
		<occluded>0</occluded>
		<bndbox>
			<xmin>130</xmin>
			<xmax>1193</xmax>
			<ymin>165</ymin>
			<ymax>532</ymax>
		</bndbox>
	</object>
</annotation>
