<annotation>
	<folder></folder>
	<filename>img-11750_jpg.rf.a02d8d79a4d3a68f70c9a5b05dd22b36.jpg</filename>
	<path>img-11750_jpg.rf.a02d8d79a4d3a68f70c9a5b05dd22b36.jpg</path>
	<source>
		<database>roboflow.ai</database>
	</source>
	<size>
		<width>1280</width>
		<height>720</height>
		<depth>3</depth>
	</size>
	<segmented>0</segmented>
	<object>
		<name>drone</name>
		<pose>Unspecified</pose>
		<truncated>0</truncated>
		<difficult>0</difficult>
		<occluded>0</occluded>
		<bndbox>
			<xmin>781</xmin>
			<xmax>1133</xmax>
			<ymin>466</ymin>
			<ymax>541</ymax>
		</bndbox>
	</object>
</annotation>
