<annotation>
	<folder></folder>
	<filename>img-off-1560_jpg.rf.d399db02af3623a07131c5f91fb37b41.jpg</filename>
	<path>img-off-1560_jpg.rf.d399db02af3623a07131c5f91fb37b41.jpg</path>
	<source>
		<database>roboflow.ai</database>
	</source>
	<size>
		<width>1280</width>
		<height>720</height>
		<depth>3</depth>
	</size>
	<segmented>0</segmented>
	<object>
		<name>drone</name>
		<pose>Unspecified</pose>
		<truncated>0</truncated>
		<difficult>0</difficult>
		<occluded>0</occluded>
		<bndbox>
			<xmin>380</xmin>
			<xmax>624</xmax>
			<ymin>261</ymin>
			<ymax>330</ymax>
		</bndbox>
	</object>
</annotation>
