<annotation>
	<folder></folder>
	<filename>img-off-330_jpg.rf.c9fe3dde87ee2c09ce71b25af06c81d2.jpg</filename>
	<path>img-off-330_jpg.rf.c9fe3dde87ee2c09ce71b25af06c81d2.jpg</path>
	<source>
		<database>roboflow.ai</database>
	</source>
	<size>
		<width>1280</width>
		<height>720</height>
		<depth>3</depth>
	</size>
	<segmented>0</segmented>
	<object>
		<name>drone</name>
		<pose>Unspecified</pose>
		<truncated>0</truncated>
		<difficult>0</difficult>
		<occluded>0</occluded>
		<bndbox>
			<xmin>630</xmin>
			<xmax>719</xmax>
			<ymin>260</ymin>
			<ymax>283</ymax>
		</bndbox>
	</object>
</annotation>
