<annotation>
	<folder></folder>
	<filename>img-22850_jpg.rf.64b89ca2e40bbc8cedc043253e01b96d.jpg</filename>
	<path>img-22850_jpg.rf.64b89ca2e40bbc8cedc043253e01b96d.jpg</path>
	<source>
		<database>roboflow.ai</database>
	</source>
	<size>
		<width>1280</width>
		<height>720</height>
		<depth>3</depth>
	</size>
	<segmented>0</segmented>
	<object>
		<name>drone</name>
		<pose>Unspecified</pose>
		<truncated>0</truncated>
		<difficult>0</difficult>
		<occluded>0</occluded>
		<bndbox>
			<xmin>2</xmin>
			<xmax>1281</xmax>
			<ymin>146</ymin>
			<ymax>536</ymax>
		</bndbox>
	</object>
</annotation>
