<annotation>
	<folder></folder>
	<filename>img-off-2-940_jpg.rf.2117998f94eb7151b1618a7c84c677a6.jpg</filename>
	<path>img-off-2-940_jpg.rf.2117998f94eb7151b1618a7c84c677a6.jpg</path>
	<source>
		<database>roboflow.ai</database>
	</source>
	<size>
		<width>1280</width>
		<height>720</height>
		<depth>3</depth>
	</size>
	<segmented>0</segmented>
	<object>
		<name>drone</name>
		<pose>Unspecified</pose>
		<truncated>0</truncated>
		<difficult>0</difficult>
		<occluded>0</occluded>
		<bndbox>
			<xmin>171</xmin>
			<xmax>786</xmax>
			<ymin>300</ymin>
			<ymax>721</ymax>
		</bndbox>
	</object>
</annotation>
