<annotation>
	<folder></folder>
	<filename>img-off-1710_jpg.rf.3129756c5b161553829304b2a84fa7a5.jpg</filename>
	<path>img-off-1710_jpg.rf.3129756c5b161553829304b2a84fa7a5.jpg</path>
	<source>
		<database>roboflow.ai</database>
	</source>
	<size>
		<width>1280</width>
		<height>720</height>
		<depth>3</depth>
	</size>
	<segmented>0</segmented>
	<object>
		<name>drone</name>
		<pose>Unspecified</pose>
		<truncated>0</truncated>
		<difficult>0</difficult>
		<occluded>0</occluded>
		<bndbox>
			<xmin>287</xmin>
			<xmax>477</xmax>
			<ymin>74</ymin>
			<ymax>147</ymax>
		</bndbox>
	</object>
</annotation>
