<annotation>
	<folder></folder>
	<filename>img-170_jpg.rf.7302fb7c4ef85380247670e921fd1475.jpg</filename>
	<path>img-170_jpg.rf.7302fb7c4ef85380247670e921fd1475.jpg</path>
	<source>
		<database>roboflow.ai</database>
	</source>
	<size>
		<width>1280</width>
		<height>720</height>
		<depth>3</depth>
	</size>
	<segmented>0</segmented>
	<object>
		<name>drone</name>
		<pose>Unspecified</pose>
		<truncated>0</truncated>
		<difficult>0</difficult>
		<occluded>0</occluded>
		<bndbox>
			<xmin>339</xmin>
			<xmax>935</xmax>
			<ymin>158</ymin>
			<ymax>333</ymax>
		</bndbox>
	</object>
</annotation>
