<annotation>
	<folder></folder>
	<filename>img-off-1700_jpg.rf.bd36378d68125831470ad572dc599f7b.jpg</filename>
	<path>img-off-1700_jpg.rf.bd36378d68125831470ad572dc599f7b.jpg</path>
	<source>
		<database>roboflow.ai</database>
	</source>
	<size>
		<width>1280</width>
		<height>720</height>
		<depth>3</depth>
	</size>
	<segmented>0</segmented>
	<object>
		<name>drone</name>
		<pose>Unspecified</pose>
		<truncated>0</truncated>
		<difficult>0</difficult>
		<occluded>0</occluded>
		<bndbox>
			<xmin>329</xmin>
			<xmax>507</xmax>
			<ymin>152</ymin>
			<ymax>221</ymax>
		</bndbox>
	</object>
</annotation>
