<annotation>
	<folder></folder>
	<filename>img-2830_jpg.rf.866f1a4f97483e7cb63aceacc81fbf78.jpg</filename>
	<path>img-2830_jpg.rf.866f1a4f97483e7cb63aceacc81fbf78.jpg</path>
	<source>
		<database>roboflow.ai</database>
	</source>
	<size>
		<width>1280</width>
		<height>720</height>
		<depth>3</depth>
	</size>
	<segmented>0</segmented>
	<object>
		<name>drone</name>
		<pose>Unspecified</pose>
		<truncated>0</truncated>
		<difficult>0</difficult>
		<occluded>0</occluded>
		<bndbox>
			<xmin>492</xmin>
			<xmax>693</xmax>
			<ymin>168</ymin>
			<ymax>234</ymax>
		</bndbox>
	</object>
</annotation>
