<annotation>
	<folder></folder>
	<filename>img-2320_jpg.rf.d8f2d580d4b36146b47bf91c68263a20.jpg</filename>
	<path>img-2320_jpg.rf.d8f2d580d4b36146b47bf91c68263a20.jpg</path>
	<source>
		<database>roboflow.ai</database>
	</source>
	<size>
		<width>1280</width>
		<height>720</height>
		<depth>3</depth>
	</size>
	<segmented>0</segmented>
	<object>
		<name>drone</name>
		<pose>Unspecified</pose>
		<truncated>0</truncated>
		<difficult>0</difficult>
		<occluded>0</occluded>
		<bndbox>
			<xmin>3</xmin>
			<xmax>1281</xmax>
			<ymin>139</ymin>
			<ymax>601</ymax>
		</bndbox>
	</object>
</annotation>
