<annotation>
	<folder></folder>
	<filename>img-off-1110_jpg.rf.2f32cfc2d28b424aa5052c6cbde0fa61.jpg</filename>
	<path>img-off-1110_jpg.rf.2f32cfc2d28b424aa5052c6cbde0fa61.jpg</path>
	<source>
		<database>roboflow.ai</database>
	</source>
	<size>
		<width>1280</width>
		<height>720</height>
		<depth>3</depth>
	</size>
	<segmented>0</segmented>
	<object>
		<name>drone</name>
		<pose>Unspecified</pose>
		<truncated>0</truncated>
		<difficult>0</difficult>
		<occluded>0</occluded>
		<bndbox>
			<xmin>503</xmin>
			<xmax>908</xmax>
			<ymin>395</ymin>
			<ymax>502</ymax>
		</bndbox>
	</object>
</annotation>
