<annotation>
	<folder></folder>
	<filename>img-off-1210_jpg.rf.418fcdb81b855eb4da2c5582b62de3cc.jpg</filename>
	<path>img-off-1210_jpg.rf.418fcdb81b855eb4da2c5582b62de3cc.jpg</path>
	<source>
		<database>roboflow.ai</database>
	</source>
	<size>
		<width>1280</width>
		<height>720</height>
		<depth>3</depth>
	</size>
	<segmented>0</segmented>
	<object>
		<name>drone</name>
		<pose>Unspecified</pose>
		<truncated>0</truncated>
		<difficult>0</difficult>
		<occluded>0</occluded>
		<bndbox>
			<xmin>253</xmin>
			<xmax>626</xmax>
			<ymin>277</ymin>
			<ymax>443</ymax>
		</bndbox>
	</object>
</annotation>
