<annotation>
	<folder></folder>
	<filename>img-9030_jpg.rf.1a4f0c7d6fe1781dcd0f2a196e2c5999.jpg</filename>
	<path>img-9030_jpg.rf.1a4f0c7d6fe1781dcd0f2a196e2c5999.jpg</path>
	<source>
		<database>roboflow.ai</database>
	</source>
	<size>
		<width>1280</width>
		<height>720</height>
		<depth>3</depth>
	</size>
	<segmented>0</segmented>
	<object>
		<name>drone</name>
		<pose>Unspecified</pose>
		<truncated>0</truncated>
		<difficult>0</difficult>
		<occluded>0</occluded>
		<bndbox>
			<xmin>3</xmin>
			<xmax>1281</xmax>
			<ymin>129</ymin>
			<ymax>498</ymax>
		</bndbox>
	</object>
</annotation>
