<annotation>
	<folder></folder>
	<filename>name49_JPEG_jpg.rf.6c75af2ab8ca953e200da09ec6c5fa8c.jpg</filename>
	<path>name49_JPEG_jpg.rf.6c75af2ab8ca953e200da09ec6c5fa8c.jpg</path>
	<source>
		<database>roboflow.ai</database>
	</source>
	<size>
		<width>640</width>
		<height>480</height>
		<depth>3</depth>
	</size>
	<segmented>0</segmented>
	<object>
		<name>drone</name>
		<pose>Unspecified</pose>
		<truncated>0</truncated>
		<difficult>0</difficult>
		<occluded>0</occluded>
		<bndbox>
			<xmin>591</xmin>
			<xmax>641</xmax>
			<ymin>329</ymin>
			<ymax>352</ymax>
		</bndbox>
	</object>
</annotation>
