<annotation>
	<folder></folder>
	<filename>name47_JPEG_jpg.rf.d76ee44c6db3f8ecb0d95d45a535bd03.jpg</filename>
	<path>name47_JPEG_jpg.rf.d76ee44c6db3f8ecb0d95d45a535bd03.jpg</path>
	<source>
		<database>roboflow.ai</database>
	</source>
	<size>
		<width>640</width>
		<height>480</height>
		<depth>3</depth>
	</size>
	<segmented>0</segmented>
	<object>
		<name>drone</name>
		<pose>Unspecified</pose>
		<truncated>0</truncated>
		<difficult>0</difficult>
		<occluded>0</occluded>
		<bndbox>
			<xmin>379</xmin>
			<xmax>518</xmax>
			<ymin>313</ymin>
			<ymax>351</ymax>
		</bndbox>
	</object>
</annotation>
