<annotation>
	<folder></folder>
	<filename>name26_JPEG_jpg.rf.ba7e15385e6a872eb09886d2b37d0a7e.jpg</filename>
	<path>name26_JPEG_jpg.rf.ba7e15385e6a872eb09886d2b37d0a7e.jpg</path>
	<source>
		<database>roboflow.ai</database>
	</source>
	<size>
		<width>640</width>
		<height>480</height>
		<depth>3</depth>
	</size>
	<segmented>0</segmented>
	<object>
		<name>drone</name>
		<pose>Unspecified</pose>
		<truncated>0</truncated>
		<difficult>0</difficult>
		<occluded>0</occluded>
		<bndbox>
			<xmin>383</xmin>
			<xmax>541</xmax>
			<ymin>167</ymin>
			<ymax>214</ymax>
		</bndbox>
	</object>
</annotation>
