<annotation>
	<folder></folder>
	<filename>name30_JPEG_jpg.rf.45214f5482d1581a175f7635f20a963b.jpg</filename>
	<path>name30_JPEG_jpg.rf.45214f5482d1581a175f7635f20a963b.jpg</path>
	<source>
		<database>roboflow.ai</database>
	</source>
	<size>
		<width>640</width>
		<height>480</height>
		<depth>3</depth>
	</size>
	<segmented>0</segmented>
	<object>
		<name>drone</name>
		<pose>Unspecified</pose>
		<truncated>0</truncated>
		<difficult>0</difficult>
		<occluded>0</occluded>
		<bndbox>
			<xmin>332</xmin>
			<xmax>457</xmax>
			<ymin>196</ymin>
			<ymax>233</ymax>
		</bndbox>
	</object>
</annotation>
