<annotation>
	<folder></folder>
	<filename>name31_JPEG_jpg.rf.b9130fd9658cdc51f00034ec27d65e88.jpg</filename>
	<path>name31_JPEG_jpg.rf.b9130fd9658cdc51f00034ec27d65e88.jpg</path>
	<source>
		<database>roboflow.ai</database>
	</source>
	<size>
		<width>640</width>
		<height>480</height>
		<depth>3</depth>
	</size>
	<segmented>0</segmented>
	<object>
		<name>drone</name>
		<pose>Unspecified</pose>
		<truncated>0</truncated>
		<difficult>0</difficult>
		<occluded>0</occluded>
		<bndbox>
			<xmin>331</xmin>
			<xmax>456</xmax>
			<ymin>230</ymin>
			<ymax>264</ymax>
		</bndbox>
	</object>
</annotation>
