<annotation>
	<folder></folder>
	<filename>name29_JPEG_jpg.rf.ff3b004184fc9e2659b385ae52281ef9.jpg</filename>
	<path>name29_JPEG_jpg.rf.ff3b004184fc9e2659b385ae52281ef9.jpg</path>
	<source>
		<database>roboflow.ai</database>
	</source>
	<size>
		<width>640</width>
		<height>480</height>
		<depth>3</depth>
	</size>
	<segmented>0</segmented>
	<object>
		<name>drone</name>
		<pose>Unspecified</pose>
		<truncated>0</truncated>
		<difficult>0</difficult>
		<occluded>0</occluded>
		<bndbox>
			<xmin>355</xmin>
			<xmax>491</xmax>
			<ymin>176</ymin>
			<ymax>214</ymax>
		</bndbox>
	</object>
</annotation>
