<annotation>
	<folder></folder>
	<filename>name32_JPEG_jpg.rf.e94a2d514614c0189b0fd7f911404ba9.jpg</filename>
	<path>name32_JPEG_jpg.rf.e94a2d514614c0189b0fd7f911404ba9.jpg</path>
	<source>
		<database>roboflow.ai</database>
	</source>
	<size>
		<width>640</width>
		<height>480</height>
		<depth>3</depth>
	</size>
	<segmented>0</segmented>
	<object>
		<name>drone</name>
		<pose>Unspecified</pose>
		<truncated>0</truncated>
		<difficult>0</difficult>
		<occluded>0</occluded>
		<bndbox>
			<xmin>293</xmin>
			<xmax>411</xmax>
			<ymin>246</ymin>
			<ymax>282</ymax>
		</bndbox>
	</object>
</annotation>
