<annotation>
	<folder></folder>
	<filename>name48_JPEG_jpg.rf.33dac242acef44c2a35b825ec20e999f.jpg</filename>
	<path>name48_JPEG_jpg.rf.33dac242acef44c2a35b825ec20e999f.jpg</path>
	<source>
		<database>roboflow.ai</database>
	</source>
	<size>
		<width>640</width>
		<height>480</height>
		<depth>3</depth>
	</size>
	<segmented>0</segmented>
	<object>
		<name>drone</name>
		<pose>Unspecified</pose>
		<truncated>0</truncated>
		<difficult>0</difficult>
		<occluded>0</occluded>
		<bndbox>
			<xmin>504</xmin>
			<xmax>641</xmax>
			<ymin>356</ymin>
			<ymax>392</ymax>
		</bndbox>
	</object>
</annotation>
