<annotation>
	<folder></folder>
	<filename>name27_JPEG_jpg.rf.49f6bca1057879c009a52ab1096bc3b5.jpg</filename>
	<path>name27_JPEG_jpg.rf.49f6bca1057879c009a52ab1096bc3b5.jpg</path>
	<source>
		<database>roboflow.ai</database>
	</source>
	<size>
		<width>640</width>
		<height>480</height>
		<depth>3</depth>
	</size>
	<segmented>0</segmented>
	<object>
		<name>drone</name>
		<pose>Unspecified</pose>
		<truncated>0</truncated>
		<difficult>0</difficult>
		<occluded>0</occluded>
		<bndbox>
			<xmin>386</xmin>
			<xmax>538</xmax>
			<ymin>179</ymin>
			<ymax>222</ymax>
		</bndbox>
	</object>
</annotation>
