<annotation>
	<folder></folder>
	<filename>name28_JPEG_jpg.rf.bd85a684ab383621ea4afc43f40e201d.jpg</filename>
	<path>name28_JPEG_jpg.rf.bd85a684ab383621ea4afc43f40e201d.jpg</path>
	<source>
		<database>roboflow.ai</database>
	</source>
	<size>
		<width>640</width>
		<height>480</height>
		<depth>3</depth>
	</size>
	<segmented>0</segmented>
	<object>
		<name>drone</name>
		<pose>Unspecified</pose>
		<truncated>0</truncated>
		<difficult>0</difficult>
		<occluded>0</occluded>
		<bndbox>
			<xmin>396</xmin>
			<xmax>536</xmax>
			<ymin>197</ymin>
			<ymax>233</ymax>
		</bndbox>
	</object>
</annotation>
