<annotation>
	<folder></folder>
	<filename>video14_122_JPEG_jpg.rf.65292033df8dc21ae7abab59d9fb468f.jpg</filename>
	<path>video14_122_JPEG_jpg.rf.65292033df8dc21ae7abab59d9fb468f.jpg</path>
	<source>
		<database>roboflow.ai</database>
	</source>
	<size>
		<width>1280</width>
		<height>720</height>
		<depth>3</depth>
	</size>
	<segmented>0</segmented>
	<object>
		<name>drone</name>
		<pose>Unspecified</pose>
		<truncated>0</truncated>
		<difficult>0</difficult>
		<occluded>0</occluded>
		<bndbox>
			<xmin>497</xmin>
			<xmax>559</xmax>
			<ymin>223</ymin>
			<ymax>261</ymax>
		</bndbox>
	</object>
</annotation>
