<annotation>
	<folder></folder>
	<filename>video14_82_JPEG_jpg.rf.0516c2a85f71fe4807402ca81c090983.jpg</filename>
	<path>video14_82_JPEG_jpg.rf.0516c2a85f71fe4807402ca81c090983.jpg</path>
	<source>
		<database>roboflow.ai</database>
	</source>
	<size>
		<width>1280</width>
		<height>720</height>
		<depth>3</depth>
	</size>
	<segmented>0</segmented>
	<object>
		<name>drone</name>
		<pose>Unspecified</pose>
		<truncated>0</truncated>
		<difficult>0</difficult>
		<occluded>0</occluded>
		<bndbox>
			<xmin>261</xmin>
			<xmax>441</xmax>
			<ymin>456</ymin>
			<ymax>546</ymax>
		</bndbox>
	</object>
</annotation>
