<annotation>
	<folder></folder>
	<filename>video14_76_JPEG_jpg.rf.b64d3690c17220780421aec3f0d1006f.jpg</filename>
	<path>video14_76_JPEG_jpg.rf.b64d3690c17220780421aec3f0d1006f.jpg</path>
	<source>
		<database>roboflow.ai</database>
	</source>
	<size>
		<width>1280</width>
		<height>720</height>
		<depth>3</depth>
	</size>
	<segmented>0</segmented>
	<object>
		<name>drone</name>
		<pose>Unspecified</pose>
		<truncated>0</truncated>
		<difficult>0</difficult>
		<occluded>0</occluded>
		<bndbox>
			<xmin>257</xmin>
			<xmax>419</xmax>
			<ymin>421</ymin>
			<ymax>505</ymax>
		</bndbox>
	</object>
</annotation>
