<annotation>
	<folder></folder>
	<filename>video14_65_JPEG_jpg.rf.94e5332dad3b8c1bbb6495181ee10df7.jpg</filename>
	<path>video14_65_JPEG_jpg.rf.94e5332dad3b8c1bbb6495181ee10df7.jpg</path>
	<source>
		<database>roboflow.ai</database>
	</source>
	<size>
		<width>1280</width>
		<height>720</height>
		<depth>3</depth>
	</size>
	<segmented>0</segmented>
	<object>
		<name>drone</name>
		<pose>Unspecified</pose>
		<truncated>0</truncated>
		<difficult>0</difficult>
		<occluded>0</occluded>
		<bndbox>
			<xmin>138</xmin>
			<xmax>295</xmax>
			<ymin>422</ymin>
			<ymax>507</ymax>
		</bndbox>
	</object>
</annotation>
