<annotation>
	<folder></folder>
	<filename>video14_117_JPEG_jpg.rf.de41f5d104492ac54116897a5475b544.jpg</filename>
	<path>video14_117_JPEG_jpg.rf.de41f5d104492ac54116897a5475b544.jpg</path>
	<source>
		<database>roboflow.ai</database>
	</source>
	<size>
		<width>1280</width>
		<height>720</height>
		<depth>3</depth>
	</size>
	<segmented>0</segmented>
	<object>
		<name>drone</name>
		<pose>Unspecified</pose>
		<truncated>0</truncated>
		<difficult>0</difficult>
		<occluded>0</occluded>
		<bndbox>
			<xmin>478</xmin>
			<xmax>524</xmax>
			<ymin>238</ymin>
			<ymax>273</ymax>
		</bndbox>
	</object>
</annotation>
