<annotation>
	<folder></folder>
	<filename>video15_300_JPEG_jpg.rf.9f3268f0380cb540dd640a9a427a0da7.jpg</filename>
	<path>video15_300_JPEG_jpg.rf.9f3268f0380cb540dd640a9a427a0da7.jpg</path>
	<source>
		<database>roboflow.ai</database>
	</source>
	<size>
		<width>1280</width>
		<height>720</height>
		<depth>3</depth>
	</size>
	<segmented>0</segmented>
	<object>
		<name>drone</name>
		<pose>Unspecified</pose>
		<truncated>0</truncated>
		<difficult>0</difficult>
		<occluded>0</occluded>
		<bndbox>
			<xmin>396</xmin>
			<xmax>1082</xmax>
			<ymin>250</ymin>
			<ymax>611</ymax>
		</bndbox>
	</object>
</annotation>
