<annotation>
	<folder></folder>
	<filename>video15_326_JPEG_jpg.rf.12e905106d271c35ea7ad648714826df.jpg</filename>
	<path>video15_326_JPEG_jpg.rf.12e905106d271c35ea7ad648714826df.jpg</path>
	<source>
		<database>roboflow.ai</database>
	</source>
	<size>
		<width>1280</width>
		<height>720</height>
		<depth>3</depth>
	</size>
	<segmented>0</segmented>
	<object>
		<name>drone</name>
		<pose>Unspecified</pose>
		<truncated>0</truncated>
		<difficult>0</difficult>
		<occluded>0</occluded>
		<bndbox>
			<xmin>566</xmin>
			<xmax>783</xmax>
			<ymin>370</ymin>
			<ymax>482</ymax>
		</bndbox>
	</object>
</annotation>
