<annotation>
	<folder></folder>
	<filename>video14_94_JPEG_jpg.rf.5f8f113136e294b1215c58d4ed1b44b9.jpg</filename>
	<path>video14_94_JPEG_jpg.rf.5f8f113136e294b1215c58d4ed1b44b9.jpg</path>
	<source>
		<database>roboflow.ai</database>
	</source>
	<size>
		<width>1280</width>
		<height>720</height>
		<depth>3</depth>
	</size>
	<segmented>0</segmented>
	<object>
		<name>drone</name>
		<pose>Unspecified</pose>
		<truncated>0</truncated>
		<difficult>0</difficult>
		<occluded>0</occluded>
		<bndbox>
			<xmin>278</xmin>
			<xmax>447</xmax>
			<ymin>65</ymin>
			<ymax>166</ymax>
		</bndbox>
	</object>
</annotation>
