<annotation>
	<folder></folder>
	<filename>video14_116_JPEG_jpg.rf.108d7d493654f9ef65f00a0bbb283ecd.jpg</filename>
	<path>video14_116_JPEG_jpg.rf.108d7d493654f9ef65f00a0bbb283ecd.jpg</path>
	<source>
		<database>roboflow.ai</database>
	</source>
	<size>
		<width>1280</width>
		<height>720</height>
		<depth>3</depth>
	</size>
	<segmented>0</segmented>
	<object>
		<name>drone</name>
		<pose>Unspecified</pose>
		<truncated>0</truncated>
		<difficult>0</difficult>
		<occluded>0</occluded>
		<bndbox>
			<xmin>486</xmin>
			<xmax>530</xmax>
			<ymin>234</ymin>
			<ymax>264</ymax>
		</bndbox>
	</object>
</annotation>
