<annotation>
	<folder></folder>
	<filename>video15_329_JPEG_jpg.rf.f6417dcef76e774fcdf00b1d4caf6235.jpg</filename>
	<path>video15_329_JPEG_jpg.rf.f6417dcef76e774fcdf00b1d4caf6235.jpg</path>
	<source>
		<database>roboflow.ai</database>
	</source>
	<size>
		<width>1280</width>
		<height>720</height>
		<depth>3</depth>
	</size>
	<segmented>0</segmented>
	<object>
		<name>drone</name>
		<pose>Unspecified</pose>
		<truncated>0</truncated>
		<difficult>0</difficult>
		<occluded>0</occluded>
		<bndbox>
			<xmin>567</xmin>
			<xmax>815</xmax>
			<ymin>375</ymin>
			<ymax>497</ymax>
		</bndbox>
	</object>
</annotation>
