<annotation>
	<folder></folder>
	<filename>video15_323_JPEG_jpg.rf.f73542035df2039fee7f889c420b72cf.jpg</filename>
	<path>video15_323_JPEG_jpg.rf.f73542035df2039fee7f889c420b72cf.jpg</path>
	<source>
		<database>roboflow.ai</database>
	</source>
	<size>
		<width>1280</width>
		<height>720</height>
		<depth>3</depth>
	</size>
	<segmented>0</segmented>
	<object>
		<name>drone</name>
		<pose>Unspecified</pose>
		<truncated>0</truncated>
		<difficult>0</difficult>
		<occluded>0</occluded>
		<bndbox>
			<xmin>491</xmin>
			<xmax>712</xmax>
			<ymin>350</ymin>
			<ymax>467</ymax>
		</bndbox>
	</object>
</annotation>
