<annotation>
	<folder></folder>
	<filename>video15_340_JPEG_jpg.rf.2366875acc19e44461bdf5a24050548d.jpg</filename>
	<path>video15_340_JPEG_jpg.rf.2366875acc19e44461bdf5a24050548d.jpg</path>
	<source>
		<database>roboflow.ai</database>
	</source>
	<size>
		<width>1280</width>
		<height>720</height>
		<depth>3</depth>
	</size>
	<segmented>0</segmented>
	<object>
		<name>drone</name>
		<pose>Unspecified</pose>
		<truncated>0</truncated>
		<difficult>0</difficult>
		<occluded>0</occluded>
		<bndbox>
			<xmin>512</xmin>
			<xmax>739</xmax>
			<ymin>299</ymin>
			<ymax>414</ymax>
		</bndbox>
	</object>
</annotation>
