<annotation>
	<folder></folder>
	<filename>video14_66_JPEG_jpg.rf.7631249b030938c09abba162bad1575f.jpg</filename>
	<path>video14_66_JPEG_jpg.rf.7631249b030938c09abba162bad1575f.jpg</path>
	<source>
		<database>roboflow.ai</database>
	</source>
	<size>
		<width>1280</width>
		<height>720</height>
		<depth>3</depth>
	</size>
	<segmented>0</segmented>
	<object>
		<name>drone</name>
		<pose>Unspecified</pose>
		<truncated>0</truncated>
		<difficult>0</difficult>
		<occluded>0</occluded>
		<bndbox>
			<xmin>149</xmin>
			<xmax>304</xmax>
			<ymin>421</ymin>
			<ymax>503</ymax>
		</bndbox>
	</object>
</annotation>
