<annotation>
	<folder></folder>
	<filename>video14_96_JPEG_jpg.rf.c2c24bafa2c68ac5a91650d234b86274.jpg</filename>
	<path>video14_96_JPEG_jpg.rf.c2c24bafa2c68ac5a91650d234b86274.jpg</path>
	<source>
		<database>roboflow.ai</database>
	</source>
	<size>
		<width>1280</width>
		<height>720</height>
		<depth>3</depth>
	</size>
	<segmented>0</segmented>
	<object>
		<name>drone</name>
		<pose>Unspecified</pose>
		<truncated>0</truncated>
		<difficult>0</difficult>
		<occluded>0</occluded>
		<bndbox>
			<xmin>305</xmin>
			<xmax>449</xmax>
			<ymin>4</ymin>
			<ymax>92</ymax>
		</bndbox>
	</object>
</annotation>
