<annotation>
	<folder></folder>
	<filename>video14_54_JPEG_jpg.rf.2086455010da23ff53394818eecd640c.jpg</filename>
	<path>video14_54_JPEG_jpg.rf.2086455010da23ff53394818eecd640c.jpg</path>
	<source>
		<database>roboflow.ai</database>
	</source>
	<size>
		<width>1280</width>
		<height>720</height>
		<depth>3</depth>
	</size>
	<segmented>0</segmented>
	<object>
		<name>drone</name>
		<pose>Unspecified</pose>
		<truncated>0</truncated>
		<difficult>0</difficult>
		<occluded>0</occluded>
		<bndbox>
			<xmin>171</xmin>
			<xmax>995</xmax>
			<ymin>46</ymin>
			<ymax>656</ymax>
		</bndbox>
	</object>
</annotation>
