<annotation>
	<folder></folder>
	<filename>video14_90_JPEG_jpg.rf.009e68be10e8e6877d3292324fa6b1e9.jpg</filename>
	<path>video14_90_JPEG_jpg.rf.009e68be10e8e6877d3292324fa6b1e9.jpg</path>
	<source>
		<database>roboflow.ai</database>
	</source>
	<size>
		<width>1280</width>
		<height>720</height>
		<depth>3</depth>
	</size>
	<segmented>0</segmented>
	<object>
		<name>drone</name>
		<pose>Unspecified</pose>
		<truncated>0</truncated>
		<difficult>0</difficult>
		<occluded>0</occluded>
		<bndbox>
			<xmin>273</xmin>
			<xmax>471</xmax>
			<ymin>288</ymin>
			<ymax>376</ymax>
		</bndbox>
	</object>
</annotation>
