<annotation>
	<folder></folder>
	<filename>video15_310_JPEG_jpg.rf.5c0b7ec04a636f51cb97edd6babb6909.jpg</filename>
	<path>video15_310_JPEG_jpg.rf.5c0b7ec04a636f51cb97edd6babb6909.jpg</path>
	<source>
		<database>roboflow.ai</database>
	</source>
	<size>
		<width>1280</width>
		<height>720</height>
		<depth>3</depth>
	</size>
	<segmented>0</segmented>
	<object>
		<name>drone</name>
		<pose>Unspecified</pose>
		<truncated>0</truncated>
		<difficult>0</difficult>
		<occluded>0</occluded>
		<bndbox>
			<xmin>421</xmin>
			<xmax>760</xmax>
			<ymin>261</ymin>
			<ymax>428</ymax>
		</bndbox>
	</object>
</annotation>
