<annotation>
	<folder></folder>
	<filename>video14_57_JPEG_jpg.rf.591b52abddca1ccdb89cda5fad6c6889.jpg</filename>
	<path>video14_57_JPEG_jpg.rf.591b52abddca1ccdb89cda5fad6c6889.jpg</path>
	<source>
		<database>roboflow.ai</database>
	</source>
	<size>
		<width>1280</width>
		<height>720</height>
		<depth>3</depth>
	</size>
	<segmented>0</segmented>
	<object>
		<name>drone</name>
		<pose>Unspecified</pose>
		<truncated>0</truncated>
		<difficult>0</difficult>
		<occluded>0</occluded>
		<bndbox>
			<xmin>116</xmin>
			<xmax>1019</xmax>
			<ymin>1</ymin>
			<ymax>721</ymax>
		</bndbox>
	</object>
</annotation>
