<annotation>
	<folder></folder>
	<filename>video14_121_JPEG_jpg.rf.2fa2d4d26e8bc1b671d42c6fcda1bd9a.jpg</filename>
	<path>video14_121_JPEG_jpg.rf.2fa2d4d26e8bc1b671d42c6fcda1bd9a.jpg</path>
	<source>
		<database>roboflow.ai</database>
	</source>
	<size>
		<width>1280</width>
		<height>720</height>
		<depth>3</depth>
	</size>
	<segmented>0</segmented>
	<object>
		<name>drone</name>
		<pose>Unspecified</pose>
		<truncated>0</truncated>
		<difficult>0</difficult>
		<occluded>0</occluded>
		<bndbox>
			<xmin>496</xmin>
			<xmax>553</xmax>
			<ymin>237</ymin>
			<ymax>277</ymax>
		</bndbox>
	</object>
</annotation>
