<annotation>
	<folder></folder>
	<filename>video14_87_JPEG_jpg.rf.fdf6a22dcd1450c3c4506e311c196753.jpg</filename>
	<path>video14_87_JPEG_jpg.rf.fdf6a22dcd1450c3c4506e311c196753.jpg</path>
	<source>
		<database>roboflow.ai</database>
	</source>
	<size>
		<width>1280</width>
		<height>720</height>
		<depth>3</depth>
	</size>
	<segmented>0</segmented>
	<object>
		<name>drone</name>
		<pose>Unspecified</pose>
		<truncated>0</truncated>
		<difficult>0</difficult>
		<occluded>0</occluded>
		<bndbox>
			<xmin>289</xmin>
			<xmax>465</xmax>
			<ymin>395</ymin>
			<ymax>498</ymax>
		</bndbox>
	</object>
</annotation>
