<annotation>
	<folder></folder>
	<filename>video14_100_JPEG_jpg.rf.4e64a4ad32f416a76b9ad79ad578ff45.jpg</filename>
	<path>video14_100_JPEG_jpg.rf.4e64a4ad32f416a76b9ad79ad578ff45.jpg</path>
	<source>
		<database>roboflow.ai</database>
	</source>
	<size>
		<width>1280</width>
		<height>720</height>
		<depth>3</depth>
	</size>
	<segmented>0</segmented>
	<object>
		<name>drone</name>
		<pose>Unspecified</pose>
		<truncated>0</truncated>
		<difficult>0</difficult>
		<occluded>0</occluded>
		<bndbox>
			<xmin>426</xmin>
			<xmax>522</xmax>
			<ymin>110</ymin>
			<ymax>193</ymax>
		</bndbox>
	</object>
</annotation>
