<annotation>
	<folder></folder>
	<filename>video14_63_JPEG_jpg.rf.a1a4e7a48dfa21a66c848b6f791503f4.jpg</filename>
	<path>video14_63_JPEG_jpg.rf.a1a4e7a48dfa21a66c848b6f791503f4.jpg</path>
	<source>
		<database>roboflow.ai</database>
	</source>
	<size>
		<width>1280</width>
		<height>720</height>
		<depth>3</depth>
	</size>
	<segmented>0</segmented>
	<object>
		<name>drone</name>
		<pose>Unspecified</pose>
		<truncated>0</truncated>
		<difficult>0</difficult>
		<occluded>0</occluded>
		<bndbox>
			<xmin>106</xmin>
			<xmax>1029</xmax>
			<ymin>34</ymin>
			<ymax>721</ymax>
		</bndbox>
	</object>
</annotation>
