<annotation>
	<folder></folder>
	<filename>video15_360_JPEG_jpg.rf.8f3c9dd16ab26f059bf586cdbc0de0b9.jpg</filename>
	<path>video15_360_JPEG_jpg.rf.8f3c9dd16ab26f059bf586cdbc0de0b9.jpg</path>
	<source>
		<database>roboflow.ai</database>
	</source>
	<size>
		<width>1280</width>
		<height>720</height>
		<depth>3</depth>
	</size>
	<segmented>0</segmented>
	<object>
		<name>drone</name>
		<pose>Unspecified</pose>
		<truncated>0</truncated>
		<difficult>0</difficult>
		<occluded>0</occluded>
		<bndbox>
			<xmin>590</xmin>
			<xmax>729</xmax>
			<ymin>97</ymin>
			<ymax>200</ymax>
		</bndbox>
	</object>
</annotation>
