<annotation>
	<folder></folder>
	<filename>video15_321_JPEG_jpg.rf.502ee29d53a3179ee6a893cba25435ed.jpg</filename>
	<path>video15_321_JPEG_jpg.rf.502ee29d53a3179ee6a893cba25435ed.jpg</path>
	<source>
		<database>roboflow.ai</database>
	</source>
	<size>
		<width>1280</width>
		<height>720</height>
		<depth>3</depth>
	</size>
	<segmented>0</segmented>
	<object>
		<name>drone</name>
		<pose>Unspecified</pose>
		<truncated>0</truncated>
		<difficult>0</difficult>
		<occluded>0</occluded>
		<bndbox>
			<xmin>576</xmin>
			<xmax>809</xmax>
			<ymin>425</ymin>
			<ymax>529</ymax>
		</bndbox>
	</object>
</annotation>
