<annotation>
	<folder></folder>
	<filename>video14_123_JPEG_jpg.rf.ac77192adb4a944a4217efc30ac98263.jpg</filename>
	<path>video14_123_JPEG_jpg.rf.ac77192adb4a944a4217efc30ac98263.jpg</path>
	<source>
		<database>roboflow.ai</database>
	</source>
	<size>
		<width>1280</width>
		<height>720</height>
		<depth>3</depth>
	</size>
	<segmented>0</segmented>
	<object>
		<name>drone</name>
		<pose>Unspecified</pose>
		<truncated>0</truncated>
		<difficult>0</difficult>
		<occluded>0</occluded>
		<bndbox>
			<xmin>502</xmin>
			<xmax>565</xmax>
			<ymin>216</ymin>
			<ymax>251</ymax>
		</bndbox>
	</object>
</annotation>
