<annotation>
	<folder></folder>
	<filename>video15_344_JPEG_jpg.rf.2356bea0556686f1cc651390f4a5c17b.jpg</filename>
	<path>video15_344_JPEG_jpg.rf.2356bea0556686f1cc651390f4a5c17b.jpg</path>
	<source>
		<database>roboflow.ai</database>
	</source>
	<size>
		<width>1280</width>
		<height>720</height>
		<depth>3</depth>
	</size>
	<segmented>0</segmented>
	<object>
		<name>drone</name>
		<pose>Unspecified</pose>
		<truncated>0</truncated>
		<difficult>0</difficult>
		<occluded>0</occluded>
		<bndbox>
			<xmin>514</xmin>
			<xmax>733</xmax>
			<ymin>233</ymin>
			<ymax>341</ymax>
		</bndbox>
	</object>
</annotation>
