<annotation>
	<folder></folder>
	<filename>video14_81_JPEG_jpg.rf.85847bd021842748656f89f407315eca.jpg</filename>
	<path>video14_81_JPEG_jpg.rf.85847bd021842748656f89f407315eca.jpg</path>
	<source>
		<database>roboflow.ai</database>
	</source>
	<size>
		<width>1280</width>
		<height>720</height>
		<depth>3</depth>
	</size>
	<segmented>0</segmented>
	<object>
		<name>drone</name>
		<pose>Unspecified</pose>
		<truncated>0</truncated>
		<difficult>0</difficult>
		<occluded>0</occluded>
		<bndbox>
			<xmin>262</xmin>
			<xmax>416</xmax>
			<ymin>452</ymin>
			<ymax>538</ymax>
		</bndbox>
	</object>
</annotation>
