<annotation>
	<folder></folder>
	<filename>video15_345_JPEG_jpg.rf.2d072569a60c5f55cd08b3ecf8ea8384.jpg</filename>
	<path>video15_345_JPEG_jpg.rf.2d072569a60c5f55cd08b3ecf8ea8384.jpg</path>
	<source>
		<database>roboflow.ai</database>
	</source>
	<size>
		<width>1280</width>
		<height>720</height>
		<depth>3</depth>
	</size>
	<segmented>0</segmented>
	<object>
		<name>drone</name>
		<pose>Unspecified</pose>
		<truncated>0</truncated>
		<difficult>0</difficult>
		<occluded>0</occluded>
		<bndbox>
			<xmin>531</xmin>
			<xmax>737</xmax>
			<ymin>258</ymin>
			<ymax>369</ymax>
		</bndbox>
	</object>
</annotation>
