<annotation>
	<folder></folder>
	<filename>video15_352_JPEG_jpg.rf.7b38485cce2b5eaa81fd854a1f0ae19a.jpg</filename>
	<path>video15_352_JPEG_jpg.rf.7b38485cce2b5eaa81fd854a1f0ae19a.jpg</path>
	<source>
		<database>roboflow.ai</database>
	</source>
	<size>
		<width>1280</width>
		<height>720</height>
		<depth>3</depth>
	</size>
	<segmented>0</segmented>
	<object>
		<name>drone</name>
		<pose>Unspecified</pose>
		<truncated>0</truncated>
		<difficult>0</difficult>
		<occluded>0</occluded>
		<bndbox>
			<xmin>486</xmin>
			<xmax>694</xmax>
			<ymin>2</ymin>
			<ymax>96</ymax>
		</bndbox>
	</object>
</annotation>
