<annotation>
	<folder></folder>
	<filename>video14_68_JPEG_jpg.rf.21db0434392b703203dbe61f4480b966.jpg</filename>
	<path>video14_68_JPEG_jpg.rf.21db0434392b703203dbe61f4480b966.jpg</path>
	<source>
		<database>roboflow.ai</database>
	</source>
	<size>
		<width>1280</width>
		<height>720</height>
		<depth>3</depth>
	</size>
	<segmented>0</segmented>
	<object>
		<name>drone</name>
		<pose>Unspecified</pose>
		<truncated>0</truncated>
		<difficult>0</difficult>
		<occluded>0</occluded>
		<bndbox>
			<xmin>168</xmin>
			<xmax>322</xmax>
			<ymin>412</ymin>
			<ymax>491</ymax>
		</bndbox>
	</object>
</annotation>
