<annotation>
	<folder></folder>
	<filename>video15_97_JPEG_jpg.rf.fe35a581eceae40187ff1ce41f1c59ef.jpg</filename>
	<path>video15_97_JPEG_jpg.rf.fe35a581eceae40187ff1ce41f1c59ef.jpg</path>
	<source>
		<database>roboflow.ai</database>
	</source>
	<size>
		<width>1280</width>
		<height>720</height>
		<depth>3</depth>
	</size>
	<segmented>0</segmented>
	<object>
		<name>drone</name>
		<pose>Unspecified</pose>
		<truncated>0</truncated>
		<difficult>0</difficult>
		<occluded>0</occluded>
		<bndbox>
			<xmin>367</xmin>
			<xmax>645</xmax>
			<ymin>376</ymin>
			<ymax>521</ymax>
		</bndbox>
	</object>
</annotation>
