<annotation>
	<folder></folder>
	<filename>video14_201_JPEG_jpg.rf.103c33e291800151a6bb53c049dd6c02.jpg</filename>
	<path>video14_201_JPEG_jpg.rf.103c33e291800151a6bb53c049dd6c02.jpg</path>
	<source>
		<database>roboflow.ai</database>
	</source>
	<size>
		<width>1280</width>
		<height>720</height>
		<depth>3</depth>
	</size>
	<segmented>0</segmented>
	<object>
		<name>drone</name>
		<pose>Unspecified</pose>
		<truncated>0</truncated>
		<difficult>0</difficult>
		<occluded>0</occluded>
		<bndbox>
			<xmin>302</xmin>
			<xmax>1057</xmax>
			<ymin>12</ymin>
			<ymax>572</ymax>
		</bndbox>
	</object>
</annotation>
