<annotation>
	<folder></folder>
	<filename>video14_85_JPEG_jpg.rf.9c75ca172ea712961d6255c0ae6dfba1.jpg</filename>
	<path>video14_85_JPEG_jpg.rf.9c75ca172ea712961d6255c0ae6dfba1.jpg</path>
	<source>
		<database>roboflow.ai</database>
	</source>
	<size>
		<width>1280</width>
		<height>720</height>
		<depth>3</depth>
	</size>
	<segmented>0</segmented>
	<object>
		<name>drone</name>
		<pose>Unspecified</pose>
		<truncated>0</truncated>
		<difficult>0</difficult>
		<occluded>0</occluded>
		<bndbox>
			<xmin>291</xmin>
			<xmax>455</xmax>
			<ymin>448</ymin>
			<ymax>538</ymax>
		</bndbox>
	</object>
</annotation>
