<annotation>
	<folder></folder>
	<filename>video15_341_JPEG_jpg.rf.a9f62975086e9a8e21d0bef2501d2e52.jpg</filename>
	<path>video15_341_JPEG_jpg.rf.a9f62975086e9a8e21d0bef2501d2e52.jpg</path>
	<source>
		<database>roboflow.ai</database>
	</source>
	<size>
		<width>1280</width>
		<height>720</height>
		<depth>3</depth>
	</size>
	<segmented>0</segmented>
	<object>
		<name>drone</name>
		<pose>Unspecified</pose>
		<truncated>0</truncated>
		<difficult>0</difficult>
		<occluded>0</occluded>
		<bndbox>
			<xmin>516</xmin>
			<xmax>742</xmax>
			<ymin>261</ymin>
			<ymax>377</ymax>
		</bndbox>
	</object>
</annotation>
