<annotation>
	<folder></folder>
	<filename>video15_305_JPEG_jpg.rf.1b773d82cc3eef20d2e513d6b057748e.jpg</filename>
	<path>video15_305_JPEG_jpg.rf.1b773d82cc3eef20d2e513d6b057748e.jpg</path>
	<source>
		<database>roboflow.ai</database>
	</source>
	<size>
		<width>1280</width>
		<height>720</height>
		<depth>3</depth>
	</size>
	<segmented>0</segmented>
	<object>
		<name>drone</name>
		<pose>Unspecified</pose>
		<truncated>0</truncated>
		<difficult>0</difficult>
		<occluded>0</occluded>
		<bndbox>
			<xmin>314</xmin>
			<xmax>782</xmax>
			<ymin>193</ymin>
			<ymax>418</ymax>
		</bndbox>
	</object>
</annotation>
