<annotation>
	<folder></folder>
	<filename>video14_95_JPEG_jpg.rf.a549d8dcb34476dc41554c2f2cc06f1e.jpg</filename>
	<path>video14_95_JPEG_jpg.rf.a549d8dcb34476dc41554c2f2cc06f1e.jpg</path>
	<source>
		<database>roboflow.ai</database>
	</source>
	<size>
		<width>1280</width>
		<height>720</height>
		<depth>3</depth>
	</size>
	<segmented>0</segmented>
	<object>
		<name>drone</name>
		<pose>Unspecified</pose>
		<truncated>0</truncated>
		<difficult>0</difficult>
		<occluded>0</occluded>
		<bndbox>
			<xmin>270</xmin>
			<xmax>428</xmax>
			<ymin>6</ymin>
			<ymax>108</ymax>
		</bndbox>
	</object>
</annotation>
