<annotation>
	<folder></folder>
	<filename>video15_322_JPEG_jpg.rf.d685286b29d67237c95e28d4a69d6ed8.jpg</filename>
	<path>video15_322_JPEG_jpg.rf.d685286b29d67237c95e28d4a69d6ed8.jpg</path>
	<source>
		<database>roboflow.ai</database>
	</source>
	<size>
		<width>1280</width>
		<height>720</height>
		<depth>3</depth>
	</size>
	<segmented>0</segmented>
	<object>
		<name>drone</name>
		<pose>Unspecified</pose>
		<truncated>0</truncated>
		<difficult>0</difficult>
		<occluded>0</occluded>
		<bndbox>
			<xmin>507</xmin>
			<xmax>725</xmax>
			<ymin>331</ymin>
			<ymax>448</ymax>
		</bndbox>
	</object>
</annotation>
