<annotation>
	<folder></folder>
	<filename>video15_342_JPEG_jpg.rf.6f9244efd6e79a6afeec8963c81425a8.jpg</filename>
	<path>video15_342_JPEG_jpg.rf.6f9244efd6e79a6afeec8963c81425a8.jpg</path>
	<source>
		<database>roboflow.ai</database>
	</source>
	<size>
		<width>1280</width>
		<height>720</height>
		<depth>3</depth>
	</size>
	<segmented>0</segmented>
	<object>
		<name>drone</name>
		<pose>Unspecified</pose>
		<truncated>0</truncated>
		<difficult>0</difficult>
		<occluded>0</occluded>
		<bndbox>
			<xmin>498</xmin>
			<xmax>705</xmax>
			<ymin>262</ymin>
			<ymax>374</ymax>
		</bndbox>
	</object>
</annotation>
