<annotation>
	<folder></folder>
	<filename>video14_78_JPEG_jpg.rf.38567d5ecb205a985bc10be4b2377f61.jpg</filename>
	<path>video14_78_JPEG_jpg.rf.38567d5ecb205a985bc10be4b2377f61.jpg</path>
	<source>
		<database>roboflow.ai</database>
	</source>
	<size>
		<width>1280</width>
		<height>720</height>
		<depth>3</depth>
	</size>
	<segmented>0</segmented>
	<object>
		<name>drone</name>
		<pose>Unspecified</pose>
		<truncated>0</truncated>
		<difficult>0</difficult>
		<occluded>0</occluded>
		<bndbox>
			<xmin>264</xmin>
			<xmax>421</xmax>
			<ymin>428</ymin>
			<ymax>516</ymax>
		</bndbox>
	</object>
</annotation>
