<annotation>
	<folder></folder>
	<filename>video14_101_JPEG_jpg.rf.ea23c793d6c700d572e6a8835af7fef6.jpg</filename>
	<path>video14_101_JPEG_jpg.rf.ea23c793d6c700d572e6a8835af7fef6.jpg</path>
	<source>
		<database>roboflow.ai</database>
	</source>
	<size>
		<width>1280</width>
		<height>720</height>
		<depth>3</depth>
	</size>
	<segmented>0</segmented>
	<object>
		<name>drone</name>
		<pose>Unspecified</pose>
		<truncated>0</truncated>
		<difficult>0</difficult>
		<occluded>0</occluded>
		<bndbox>
			<xmin>441</xmin>
			<xmax>546</xmax>
			<ymin>113</ymin>
			<ymax>193</ymax>
		</bndbox>
	</object>
</annotation>
