<annotation>
	<folder></folder>
	<filename>video14_67_JPEG_jpg.rf.a1c14052cd8c56f6403e859ec07d7085.jpg</filename>
	<path>video14_67_JPEG_jpg.rf.a1c14052cd8c56f6403e859ec07d7085.jpg</path>
	<source>
		<database>roboflow.ai</database>
	</source>
	<size>
		<width>1280</width>
		<height>720</height>
		<depth>3</depth>
	</size>
	<segmented>0</segmented>
	<object>
		<name>drone</name>
		<pose>Unspecified</pose>
		<truncated>0</truncated>
		<difficult>0</difficult>
		<occluded>0</occluded>
		<bndbox>
			<xmin>159</xmin>
			<xmax>312</xmax>
			<ymin>416</ymin>
			<ymax>497</ymax>
		</bndbox>
	</object>
</annotation>
