<annotation>
	<folder></folder>
	<filename>video14_99_JPEG_jpg.rf.9c354a23b8b68b3b4878eee5ce16f29e.jpg</filename>
	<path>video14_99_JPEG_jpg.rf.9c354a23b8b68b3b4878eee5ce16f29e.jpg</path>
	<source>
		<database>roboflow.ai</database>
	</source>
	<size>
		<width>1280</width>
		<height>720</height>
		<depth>3</depth>
	</size>
	<segmented>0</segmented>
	<object>
		<name>drone</name>
		<pose>Unspecified</pose>
		<truncated>0</truncated>
		<difficult>0</difficult>
		<occluded>0</occluded>
		<bndbox>
			<xmin>408</xmin>
			<xmax>523</xmax>
			<ymin>104</ymin>
			<ymax>191</ymax>
		</bndbox>
	</object>
</annotation>
