<annotation>
	<folder></folder>
	<filename>video15_351_JPEG_jpg.rf.b70030fab5622182e7b3488b63ca9536.jpg</filename>
	<path>video15_351_JPEG_jpg.rf.b70030fab5622182e7b3488b63ca9536.jpg</path>
	<source>
		<database>roboflow.ai</database>
	</source>
	<size>
		<width>1280</width>
		<height>720</height>
		<depth>3</depth>
	</size>
	<segmented>0</segmented>
	<object>
		<name>drone</name>
		<pose>Unspecified</pose>
		<truncated>0</truncated>
		<difficult>0</difficult>
		<occluded>0</occluded>
		<bndbox>
			<xmin>503</xmin>
			<xmax>707</xmax>
			<ymin>57</ymin>
			<ymax>160</ymax>
		</bndbox>
	</object>
</annotation>
