<annotation>
	<folder></folder>
	<filename>video14_88_JPEG_jpg.rf.601258bf0a6dbf01892c1a5f8c5d4f3e.jpg</filename>
	<path>video14_88_JPEG_jpg.rf.601258bf0a6dbf01892c1a5f8c5d4f3e.jpg</path>
	<source>
		<database>roboflow.ai</database>
	</source>
	<size>
		<width>1280</width>
		<height>720</height>
		<depth>3</depth>
	</size>
	<segmented>0</segmented>
	<object>
		<name>drone</name>
		<pose>Unspecified</pose>
		<truncated>0</truncated>
		<difficult>0</difficult>
		<occluded>0</occluded>
		<bndbox>
			<xmin>300</xmin>
			<xmax>450</xmax>
			<ymin>361</ymin>
			<ymax>445</ymax>
		</bndbox>
	</object>
</annotation>
