<annotation>
	<folder></folder>
	<filename>video14_97_JPEG_jpg.rf.1b873d746810c4d3571c5b207f0188a8.jpg</filename>
	<path>video14_97_JPEG_jpg.rf.1b873d746810c4d3571c5b207f0188a8.jpg</path>
	<source>
		<database>roboflow.ai</database>
	</source>
	<size>
		<width>1280</width>
		<height>720</height>
		<depth>3</depth>
	</size>
	<segmented>0</segmented>
	<object>
		<name>drone</name>
		<pose>Unspecified</pose>
		<truncated>0</truncated>
		<difficult>0</difficult>
		<occluded>0</occluded>
		<bndbox>
			<xmin>357</xmin>
			<xmax>490</xmax>
			<ymin>25</ymin>
			<ymax>133</ymax>
		</bndbox>
	</object>
</annotation>
