<annotation>
	<folder></folder>
	<filename>video14_98_JPEG_jpg.rf.dd143d4034fab2dc97026dda1f1cc799.jpg</filename>
	<path>video14_98_JPEG_jpg.rf.dd143d4034fab2dc97026dda1f1cc799.jpg</path>
	<source>
		<database>roboflow.ai</database>
	</source>
	<size>
		<width>1280</width>
		<height>720</height>
		<depth>3</depth>
	</size>
	<segmented>0</segmented>
	<object>
		<name>drone</name>
		<pose>Unspecified</pose>
		<truncated>0</truncated>
		<difficult>0</difficult>
		<occluded>0</occluded>
		<bndbox>
			<xmin>381</xmin>
			<xmax>504</xmax>
			<ymin>84</ymin>
			<ymax>169</ymax>
		</bndbox>
	</object>
</annotation>
