<annotation>
	<folder></folder>
	<filename>video15_301_JPEG_jpg.rf.012aa1d6fe6b1d119b0901f53d182c13.jpg</filename>
	<path>video15_301_JPEG_jpg.rf.012aa1d6fe6b1d119b0901f53d182c13.jpg</path>
	<source>
		<database>roboflow.ai</database>
	</source>
	<size>
		<width>1280</width>
		<height>720</height>
		<depth>3</depth>
	</size>
	<segmented>0</segmented>
	<object>
		<name>drone</name>
		<pose>Unspecified</pose>
		<truncated>0</truncated>
		<difficult>0</difficult>
		<occluded>0</occluded>
		<bndbox>
			<xmin>388</xmin>
			<xmax>1126</xmax>
			<ymin>190</ymin>
			<ymax>522</ymax>
		</bndbox>
	</object>
</annotation>
