<annotation>
	<folder></folder>
	<filename>video14_83_JPEG_jpg.rf.0a88f582f80b918ede7b096b60b180e5.jpg</filename>
	<path>video14_83_JPEG_jpg.rf.0a88f582f80b918ede7b096b60b180e5.jpg</path>
	<source>
		<database>roboflow.ai</database>
	</source>
	<size>
		<width>1280</width>
		<height>720</height>
		<depth>3</depth>
	</size>
	<segmented>0</segmented>
	<object>
		<name>drone</name>
		<pose>Unspecified</pose>
		<truncated>0</truncated>
		<difficult>0</difficult>
		<occluded>0</occluded>
		<bndbox>
			<xmin>278</xmin>
			<xmax>430</xmax>
			<ymin>454</ymin>
			<ymax>540</ymax>
		</bndbox>
	</object>
</annotation>
