<annotation>
	<folder></folder>
	<filename>video15_353_JPEG_jpg.rf.f930b543fbd16ab50d39159c88ff7ee4.jpg</filename>
	<path>video15_353_JPEG_jpg.rf.f930b543fbd16ab50d39159c88ff7ee4.jpg</path>
	<source>
		<database>roboflow.ai</database>
	</source>
	<size>
		<width>1280</width>
		<height>720</height>
		<depth>3</depth>
	</size>
	<segmented>0</segmented>
	<object>
		<name>drone</name>
		<pose>Unspecified</pose>
		<truncated>0</truncated>
		<difficult>0</difficult>
		<occluded>0</occluded>
		<bndbox>
			<xmin>534</xmin>
			<xmax>714</xmax>
			<ymin>4</ymin>
			<ymax>106</ymax>
		</bndbox>
	</object>
</annotation>
