<annotation>
	<folder></folder>
	<filename>video14_120_JPEG_jpg.rf.2b506093011dc1f53c50a2b24546cc32.jpg</filename>
	<path>video14_120_JPEG_jpg.rf.2b506093011dc1f53c50a2b24546cc32.jpg</path>
	<source>
		<database>roboflow.ai</database>
	</source>
	<size>
		<width>1280</width>
		<height>720</height>
		<depth>3</depth>
	</size>
	<segmented>0</segmented>
	<object>
		<name>drone</name>
		<pose>Unspecified</pose>
		<truncated>0</truncated>
		<difficult>0</difficult>
		<occluded>0</occluded>
		<bndbox>
			<xmin>488</xmin>
			<xmax>545</xmax>
			<ymin>244</ymin>
			<ymax>273</ymax>
		</bndbox>
	</object>
</annotation>
