<annotation>
	<folder></folder>
	<filename>video14_203_JPEG_jpg.rf.96909f2f036730a7473fd4e4eb4d6ea3.jpg</filename>
	<path>video14_203_JPEG_jpg.rf.96909f2f036730a7473fd4e4eb4d6ea3.jpg</path>
	<source>
		<database>roboflow.ai</database>
	</source>
	<size>
		<width>1280</width>
		<height>720</height>
		<depth>3</depth>
	</size>
	<segmented>0</segmented>
	<object>
		<name>drone</name>
		<pose>Unspecified</pose>
		<truncated>0</truncated>
		<difficult>0</difficult>
		<occluded>0</occluded>
		<bndbox>
			<xmin>143</xmin>
			<xmax>1079</xmax>
			<ymin>2</ymin>
			<ymax>721</ymax>
		</bndbox>
	</object>
</annotation>
