<annotation>
	<folder></folder>
	<filename>video15_302_JPEG_jpg.rf.693b1b694438222a2defc2aab10f036d.jpg</filename>
	<path>video15_302_JPEG_jpg.rf.693b1b694438222a2defc2aab10f036d.jpg</path>
	<source>
		<database>roboflow.ai</database>
	</source>
	<size>
		<width>1280</width>
		<height>720</height>
		<depth>3</depth>
	</size>
	<segmented>0</segmented>
	<object>
		<name>drone</name>
		<pose>Unspecified</pose>
		<truncated>0</truncated>
		<difficult>0</difficult>
		<occluded>0</occluded>
		<bndbox>
			<xmin>199</xmin>
			<xmax>888</xmax>
			<ymin>163</ymin>
			<ymax>474</ymax>
		</bndbox>
	</object>
</annotation>
