<annotation>
	<folder></folder>
	<filename>video14_80_JPEG_jpg.rf.ac5f862dfbae5c00fe5d56209467c520.jpg</filename>
	<path>video14_80_JPEG_jpg.rf.ac5f862dfbae5c00fe5d56209467c520.jpg</path>
	<source>
		<database>roboflow.ai</database>
	</source>
	<size>
		<width>1280</width>
		<height>720</height>
		<depth>3</depth>
	</size>
	<segmented>0</segmented>
	<object>
		<name>drone</name>
		<pose>Unspecified</pose>
		<truncated>0</truncated>
		<difficult>0</difficult>
		<occluded>0</occluded>
		<bndbox>
			<xmin>268</xmin>
			<xmax>420</xmax>
			<ymin>452</ymin>
			<ymax>539</ymax>
		</bndbox>
	</object>
</annotation>
