<annotation>
	<folder></folder>
	<filename>video15_361_JPEG_jpg.rf.0c34ff03ccfe31d3f87c997f25307811.jpg</filename>
	<path>video15_361_JPEG_jpg.rf.0c34ff03ccfe31d3f87c997f25307811.jpg</path>
	<source>
		<database>roboflow.ai</database>
	</source>
	<size>
		<width>1280</width>
		<height>720</height>
		<depth>3</depth>
	</size>
	<segmented>0</segmented>
	<object>
		<name>drone</name>
		<pose>Unspecified</pose>
		<truncated>0</truncated>
		<difficult>0</difficult>
		<occluded>0</occluded>
		<bndbox>
			<xmin>619</xmin>
			<xmax>757</xmax>
			<ymin>263</ymin>
			<ymax>361</ymax>
		</bndbox>
	</object>
</annotation>
