<annotation>
	<folder></folder>
	<filename>video14_124_JPEG_jpg.rf.af127511b992fe24b0cabfd1fef2de11.jpg</filename>
	<path>video14_124_JPEG_jpg.rf.af127511b992fe24b0cabfd1fef2de11.jpg</path>
	<source>
		<database>roboflow.ai</database>
	</source>
	<size>
		<width>1280</width>
		<height>720</height>
		<depth>3</depth>
	</size>
	<segmented>0</segmented>
	<object>
		<name>drone</name>
		<pose>Unspecified</pose>
		<truncated>0</truncated>
		<difficult>0</difficult>
		<occluded>0</occluded>
		<bndbox>
			<xmin>499</xmin>
			<xmax>570</xmax>
			<ymin>200</ymin>
			<ymax>234</ymax>
		</bndbox>
	</object>
</annotation>
