<annotation>
	<folder></folder>
	<filename>video14_72_JPEG_jpg.rf.5aaff8284cbf5647634052608a693ef9.jpg</filename>
	<path>video14_72_JPEG_jpg.rf.5aaff8284cbf5647634052608a693ef9.jpg</path>
	<source>
		<database>roboflow.ai</database>
	</source>
	<size>
		<width>1280</width>
		<height>720</height>
		<depth>3</depth>
	</size>
	<segmented>0</segmented>
	<object>
		<name>drone</name>
		<pose>Unspecified</pose>
		<truncated>0</truncated>
		<difficult>0</difficult>
		<occluded>0</occluded>
		<bndbox>
			<xmin>244</xmin>
			<xmax>410</xmax>
			<ymin>396</ymin>
			<ymax>499</ymax>
		</bndbox>
	</object>
</annotation>
