<annotation>
	<folder></folder>
	<filename>video15_343_JPEG_jpg.rf.6ad548e49b8b236455c0310d42359502.jpg</filename>
	<path>video15_343_JPEG_jpg.rf.6ad548e49b8b236455c0310d42359502.jpg</path>
	<source>
		<database>roboflow.ai</database>
	</source>
	<size>
		<width>1280</width>
		<height>720</height>
		<depth>3</depth>
	</size>
	<segmented>0</segmented>
	<object>
		<name>drone</name>
		<pose>Unspecified</pose>
		<truncated>0</truncated>
		<difficult>0</difficult>
		<occluded>0</occluded>
		<bndbox>
			<xmin>502</xmin>
			<xmax>732</xmax>
			<ymin>246</ymin>
			<ymax>354</ymax>
		</bndbox>
	</object>
</annotation>
