<annotation>
	<folder></folder>
	<filename>video14_73_JPEG_jpg.rf.19db9a634a06fe69e7d1e2df5a953257.jpg</filename>
	<path>video14_73_JPEG_jpg.rf.19db9a634a06fe69e7d1e2df5a953257.jpg</path>
	<source>
		<database>roboflow.ai</database>
	</source>
	<size>
		<width>1280</width>
		<height>720</height>
		<depth>3</depth>
	</size>
	<segmented>0</segmented>
	<object>
		<name>drone</name>
		<pose>Unspecified</pose>
		<truncated>0</truncated>
		<difficult>0</difficult>
		<occluded>0</occluded>
		<bndbox>
			<xmin>254</xmin>
			<xmax>433</xmax>
			<ymin>408</ymin>
			<ymax>492</ymax>
		</bndbox>
	</object>
</annotation>
