<annotation>
	<folder></folder>
	<filename>video14_93_JPEG_jpg.rf.b37985b47ca10fe72c849588122ab828.jpg</filename>
	<path>video14_93_JPEG_jpg.rf.b37985b47ca10fe72c849588122ab828.jpg</path>
	<source>
		<database>roboflow.ai</database>
	</source>
	<size>
		<width>1280</width>
		<height>720</height>
		<depth>3</depth>
	</size>
	<segmented>0</segmented>
	<object>
		<name>drone</name>
		<pose>Unspecified</pose>
		<truncated>0</truncated>
		<difficult>0</difficult>
		<occluded>0</occluded>
		<bndbox>
			<xmin>272</xmin>
			<xmax>465</xmax>
			<ymin>130</ymin>
			<ymax>243</ymax>
		</bndbox>
	</object>
</annotation>
