<annotation>
	<folder></folder>
	<filename>video14_79_JPEG_jpg.rf.3d787e467c8aa6367b433a3d630fe381.jpg</filename>
	<path>video14_79_JPEG_jpg.rf.3d787e467c8aa6367b433a3d630fe381.jpg</path>
	<source>
		<database>roboflow.ai</database>
	</source>
	<size>
		<width>1280</width>
		<height>720</height>
		<depth>3</depth>
	</size>
	<segmented>0</segmented>
	<object>
		<name>drone</name>
		<pose>Unspecified</pose>
		<truncated>0</truncated>
		<difficult>0</difficult>
		<occluded>0</occluded>
		<bndbox>
			<xmin>273</xmin>
			<xmax>416</xmax>
			<ymin>435</ymin>
			<ymax>529</ymax>
		</bndbox>
	</object>
</annotation>
