<annotation>
	<folder></folder>
	<filename>video14_91_JPEG_jpg.rf.5a36689719c63eec0cfcdc1b3a8ce1c3.jpg</filename>
	<path>video14_91_JPEG_jpg.rf.5a36689719c63eec0cfcdc1b3a8ce1c3.jpg</path>
	<source>
		<database>roboflow.ai</database>
	</source>
	<size>
		<width>1280</width>
		<height>720</height>
		<depth>3</depth>
	</size>
	<segmented>0</segmented>
	<object>
		<name>drone</name>
		<pose>Unspecified</pose>
		<truncated>0</truncated>
		<difficult>0</difficult>
		<occluded>0</occluded>
		<bndbox>
			<xmin>301</xmin>
			<xmax>460</xmax>
			<ymin>246</ymin>
			<ymax>345</ymax>
		</bndbox>
	</object>
</annotation>
