<annotation>
	<folder></folder>
	<filename>video15_328_JPEG_jpg.rf.da6dfee67f1c29a7e42581f702c6d33e.jpg</filename>
	<path>video15_328_JPEG_jpg.rf.da6dfee67f1c29a7e42581f702c6d33e.jpg</path>
	<source>
		<database>roboflow.ai</database>
	</source>
	<size>
		<width>1280</width>
		<height>720</height>
		<depth>3</depth>
	</size>
	<segmented>0</segmented>
	<object>
		<name>drone</name>
		<pose>Unspecified</pose>
		<truncated>0</truncated>
		<difficult>0</difficult>
		<occluded>0</occluded>
		<bndbox>
			<xmin>595</xmin>
			<xmax>805</xmax>
			<ymin>378</ymin>
			<ymax>476</ymax>
		</bndbox>
	</object>
</annotation>
