<annotation>
	<folder></folder>
	<filename>video15_346_JPEG_jpg.rf.e4b07bcf42b9db287ade7138feb63e62.jpg</filename>
	<path>video15_346_JPEG_jpg.rf.e4b07bcf42b9db287ade7138feb63e62.jpg</path>
	<source>
		<database>roboflow.ai</database>
	</source>
	<size>
		<width>1280</width>
		<height>720</height>
		<depth>3</depth>
	</size>
	<segmented>0</segmented>
	<object>
		<name>drone</name>
		<pose>Unspecified</pose>
		<truncated>0</truncated>
		<difficult>0</difficult>
		<occluded>0</occluded>
		<bndbox>
			<xmin>520</xmin>
			<xmax>738</xmax>
			<ymin>265</ymin>
			<ymax>387</ymax>
		</bndbox>
	</object>
</annotation>
