<annotation>
	<folder></folder>
	<filename>video14_71_JPEG_jpg.rf.c6cb3d43481d184afad2a56e429c0e51.jpg</filename>
	<path>video14_71_JPEG_jpg.rf.c6cb3d43481d184afad2a56e429c0e51.jpg</path>
	<source>
		<database>roboflow.ai</database>
	</source>
	<size>
		<width>1280</width>
		<height>720</height>
		<depth>3</depth>
	</size>
	<segmented>0</segmented>
	<object>
		<name>drone</name>
		<pose>Unspecified</pose>
		<truncated>0</truncated>
		<difficult>0</difficult>
		<occluded>0</occluded>
		<bndbox>
			<xmin>212</xmin>
			<xmax>397</xmax>
			<ymin>410</ymin>
			<ymax>499</ymax>
		</bndbox>
	</object>
</annotation>
