<annotation>
	<folder></folder>
	<filename>video15_362_JPEG_jpg.rf.9aa51fdc48682b74454b0f865d193613.jpg</filename>
	<path>video15_362_JPEG_jpg.rf.9aa51fdc48682b74454b0f865d193613.jpg</path>
	<source>
		<database>roboflow.ai</database>
	</source>
	<size>
		<width>1280</width>
		<height>720</height>
		<depth>3</depth>
	</size>
	<segmented>0</segmented>
	<object>
		<name>drone</name>
		<pose>Unspecified</pose>
		<truncated>0</truncated>
		<difficult>0</difficult>
		<occluded>0</occluded>
		<bndbox>
			<xmin>628</xmin>
			<xmax>744</xmax>
			<ymin>307</ymin>
			<ymax>398</ymax>
		</bndbox>
	</object>
</annotation>
