<annotation>
	<folder></folder>
	<filename>video14_119_JPEG_jpg.rf.a149cc30f73a90ad6101f023e5322884.jpg</filename>
	<path>video14_119_JPEG_jpg.rf.a149cc30f73a90ad6101f023e5322884.jpg</path>
	<source>
		<database>roboflow.ai</database>
	</source>
	<size>
		<width>1280</width>
		<height>720</height>
		<depth>3</depth>
	</size>
	<segmented>0</segmented>
	<object>
		<name>drone</name>
		<pose>Unspecified</pose>
		<truncated>0</truncated>
		<difficult>0</difficult>
		<occluded>0</occluded>
		<bndbox>
			<xmin>484</xmin>
			<xmax>532</xmax>
			<ymin>241</ymin>
			<ymax>274</ymax>
		</bndbox>
	</object>
</annotation>
