<annotation>
	<folder></folder>
	<filename>video14_89_JPEG_jpg.rf.47babb72fa950bb23b4edbf798988447.jpg</filename>
	<path>video14_89_JPEG_jpg.rf.47babb72fa950bb23b4edbf798988447.jpg</path>
	<source>
		<database>roboflow.ai</database>
	</source>
	<size>
		<width>1280</width>
		<height>720</height>
		<depth>3</depth>
	</size>
	<segmented>0</segmented>
	<object>
		<name>drone</name>
		<pose>Unspecified</pose>
		<truncated>0</truncated>
		<difficult>0</difficult>
		<occluded>0</occluded>
		<bndbox>
			<xmin>269</xmin>
			<xmax>460</xmax>
			<ymin>321</ymin>
			<ymax>406</ymax>
		</bndbox>
	</object>
</annotation>
