<annotation>
	<folder></folder>
	<filename>video14_86_JPEG_jpg.rf.54d143dce678ce801cad322a2c4091d6.jpg</filename>
	<path>video14_86_JPEG_jpg.rf.54d143dce678ce801cad322a2c4091d6.jpg</path>
	<source>
		<database>roboflow.ai</database>
	</source>
	<size>
		<width>1280</width>
		<height>720</height>
		<depth>3</depth>
	</size>
	<segmented>0</segmented>
	<object>
		<name>drone</name>
		<pose>Unspecified</pose>
		<truncated>0</truncated>
		<difficult>0</difficult>
		<occluded>0</occluded>
		<bndbox>
			<xmin>280</xmin>
			<xmax>451</xmax>
			<ymin>422</ymin>
			<ymax>525</ymax>
		</bndbox>
	</object>
</annotation>
