<annotation>
	<folder></folder>
	<filename>video15_309_JPEG_jpg.rf.96427a34f2219fab9b120add6ef18544.jpg</filename>
	<path>video15_309_JPEG_jpg.rf.96427a34f2219fab9b120add6ef18544.jpg</path>
	<source>
		<database>roboflow.ai</database>
	</source>
	<size>
		<width>1280</width>
		<height>720</height>
		<depth>3</depth>
	</size>
	<segmented>0</segmented>
	<object>
		<name>drone</name>
		<pose>Unspecified</pose>
		<truncated>0</truncated>
		<difficult>0</difficult>
		<occluded>0</occluded>
		<bndbox>
			<xmin>409</xmin>
			<xmax>759</xmax>
			<ymin>169</ymin>
			<ymax>335</ymax>
		</bndbox>
	</object>
</annotation>
