<annotation>
	<folder></folder>
	<filename>video14_92_JPEG_jpg.rf.e737f35e008a956258238202cb092fb3.jpg</filename>
	<path>video14_92_JPEG_jpg.rf.e737f35e008a956258238202cb092fb3.jpg</path>
	<source>
		<database>roboflow.ai</database>
	</source>
	<size>
		<width>1280</width>
		<height>720</height>
		<depth>3</depth>
	</size>
	<segmented>0</segmented>
	<object>
		<name>drone</name>
		<pose>Unspecified</pose>
		<truncated>0</truncated>
		<difficult>0</difficult>
		<occluded>0</occluded>
		<bndbox>
			<xmin>305</xmin>
			<xmax>478</xmax>
			<ymin>205</ymin>
			<ymax>296</ymax>
		</bndbox>
	</object>
</annotation>
