<annotation>
	<folder></folder>
	<filename>video14_118_JPEG_jpg.rf.fb1c7ec622072374d59f93b6f5127009.jpg</filename>
	<path>video14_118_JPEG_jpg.rf.fb1c7ec622072374d59f93b6f5127009.jpg</path>
	<source>
		<database>roboflow.ai</database>
	</source>
	<size>
		<width>1280</width>
		<height>720</height>
		<depth>3</depth>
	</size>
	<segmented>0</segmented>
	<object>
		<name>drone</name>
		<pose>Unspecified</pose>
		<truncated>0</truncated>
		<difficult>0</difficult>
		<occluded>0</occluded>
		<bndbox>
			<xmin>481</xmin>
			<xmax>530</xmax>
			<ymin>245</ymin>
			<ymax>271</ymax>
		</bndbox>
	</object>
</annotation>
