<annotation>
	<folder></folder>
	<filename>video15_330_JPEG_jpg.rf.98a034f97e173d6d0e31a69a34181e3f.jpg</filename>
	<path>video15_330_JPEG_jpg.rf.98a034f97e173d6d0e31a69a34181e3f.jpg</path>
	<source>
		<database>roboflow.ai</database>
	</source>
	<size>
		<width>1280</width>
		<height>720</height>
		<depth>3</depth>
	</size>
	<segmented>0</segmented>
	<object>
		<name>drone</name>
		<pose>Unspecified</pose>
		<truncated>0</truncated>
		<difficult>0</difficult>
		<occluded>0</occluded>
		<bndbox>
			<xmin>612</xmin>
			<xmax>834</xmax>
			<ymin>375</ymin>
			<ymax>486</ymax>
		</bndbox>
	</object>
</annotation>
