<annotation>
	<folder></folder>
	<filename>video15_324_JPEG_jpg.rf.54f1ac8e006098d371b8892807639bb4.jpg</filename>
	<path>video15_324_JPEG_jpg.rf.54f1ac8e006098d371b8892807639bb4.jpg</path>
	<source>
		<database>roboflow.ai</database>
	</source>
	<size>
		<width>1280</width>
		<height>720</height>
		<depth>3</depth>
	</size>
	<segmented>0</segmented>
	<object>
		<name>drone</name>
		<pose>Unspecified</pose>
		<truncated>0</truncated>
		<difficult>0</difficult>
		<occluded>0</occluded>
		<bndbox>
			<xmin>495</xmin>
			<xmax>712</xmax>
			<ymin>353</ymin>
			<ymax>464</ymax>
		</bndbox>
	</object>
</annotation>
