<annotation>
	<folder></folder>
	<filename>video15_325_JPEG_jpg.rf.a3f8741ede3d4bcb695610ffa8b6e8cf.jpg</filename>
	<path>video15_325_JPEG_jpg.rf.a3f8741ede3d4bcb695610ffa8b6e8cf.jpg</path>
	<source>
		<database>roboflow.ai</database>
	</source>
	<size>
		<width>1280</width>
		<height>720</height>
		<depth>3</depth>
	</size>
	<segmented>0</segmented>
	<object>
		<name>drone</name>
		<pose>Unspecified</pose>
		<truncated>0</truncated>
		<difficult>0</difficult>
		<occluded>0</occluded>
		<bndbox>
			<xmin>527</xmin>
			<xmax>757</xmax>
			<ymin>383</ymin>
			<ymax>488</ymax>
		</bndbox>
	</object>
</annotation>
