<annotation>
	<folder></folder>
	<filename>video14_84_JPEG_jpg.rf.f25446df380bfc4645d2d095e11f016f.jpg</filename>
	<path>video14_84_JPEG_jpg.rf.f25446df380bfc4645d2d095e11f016f.jpg</path>
	<source>
		<database>roboflow.ai</database>
	</source>
	<size>
		<width>1280</width>
		<height>720</height>
		<depth>3</depth>
	</size>
	<segmented>0</segmented>
	<object>
		<name>drone</name>
		<pose>Unspecified</pose>
		<truncated>0</truncated>
		<difficult>0</difficult>
		<occluded>0</occluded>
		<bndbox>
			<xmin>272</xmin>
			<xmax>437</xmax>
			<ymin>458</ymin>
			<ymax>543</ymax>
		</bndbox>
	</object>
</annotation>
