<annotation>
	<folder></folder>
	<filename>video14_74_JPEG_jpg.rf.cc23c5669c6ccc009c43f7f7785754b3.jpg</filename>
	<path>video14_74_JPEG_jpg.rf.cc23c5669c6ccc009c43f7f7785754b3.jpg</path>
	<source>
		<database>roboflow.ai</database>
	</source>
	<size>
		<width>1280</width>
		<height>720</height>
		<depth>3</depth>
	</size>
	<segmented>0</segmented>
	<object>
		<name>drone</name>
		<pose>Unspecified</pose>
		<truncated>0</truncated>
		<difficult>0</difficult>
		<occluded>0</occluded>
		<bndbox>
			<xmin>262</xmin>
			<xmax>438</xmax>
			<ymin>402</ymin>
			<ymax>497</ymax>
		</bndbox>
	</object>
</annotation>
