<annotation>
	<folder></folder>
	<filename>video15_348_JPEG_jpg.rf.b235075f12878b4e870fd00b3c2271c1.jpg</filename>
	<path>video15_348_JPEG_jpg.rf.b235075f12878b4e870fd00b3c2271c1.jpg</path>
	<source>
		<database>roboflow.ai</database>
	</source>
	<size>
		<width>1280</width>
		<height>720</height>
		<depth>3</depth>
	</size>
	<segmented>0</segmented>
	<object>
		<name>drone</name>
		<pose>Unspecified</pose>
		<truncated>0</truncated>
		<difficult>0</difficult>
		<occluded>0</occluded>
		<bndbox>
			<xmin>516</xmin>
			<xmax>711</xmax>
			<ymin>221</ymin>
			<ymax>327</ymax>
		</bndbox>
	</object>
</annotation>
