<annotation>
	<folder></folder>
	<filename>video15_347_JPEG_jpg.rf.ee0197f2563ddf64a72c486f853fc715.jpg</filename>
	<path>video15_347_JPEG_jpg.rf.ee0197f2563ddf64a72c486f853fc715.jpg</path>
	<source>
		<database>roboflow.ai</database>
	</source>
	<size>
		<width>1280</width>
		<height>720</height>
		<depth>3</depth>
	</size>
	<segmented>0</segmented>
	<object>
		<name>drone</name>
		<pose>Unspecified</pose>
		<truncated>0</truncated>
		<difficult>0</difficult>
		<occluded>0</occluded>
		<bndbox>
			<xmin>495</xmin>
			<xmax>700</xmax>
			<ymin>242</ymin>
			<ymax>351</ymax>
		</bndbox>
	</object>
</annotation>
