<annotation>
	<folder></folder>
	<filename>video14_102_JPEG_jpg.rf.91f7024681fecf691a6a94604779f8a7.jpg</filename>
	<path>video14_102_JPEG_jpg.rf.91f7024681fecf691a6a94604779f8a7.jpg</path>
	<source>
		<database>roboflow.ai</database>
	</source>
	<size>
		<width>1280</width>
		<height>720</height>
		<depth>3</depth>
	</size>
	<segmented>0</segmented>
	<object>
		<name>drone</name>
		<pose>Unspecified</pose>
		<truncated>0</truncated>
		<difficult>0</difficult>
		<occluded>0</occluded>
		<bndbox>
			<xmin>513</xmin>
			<xmax>545</xmax>
			<ymin>198</ymin>
			<ymax>216</ymax>
		</bndbox>
	</object>
</annotation>
