<annotation>
	<folder></folder>
	<filename>video15_349_JPEG_jpg.rf.fc792ff13eae2d9b7aa04788ff6f5fae.jpg</filename>
	<path>video15_349_JPEG_jpg.rf.fc792ff13eae2d9b7aa04788ff6f5fae.jpg</path>
	<source>
		<database>roboflow.ai</database>
	</source>
	<size>
		<width>1280</width>
		<height>720</height>
		<depth>3</depth>
	</size>
	<segmented>0</segmented>
	<object>
		<name>drone</name>
		<pose>Unspecified</pose>
		<truncated>0</truncated>
		<difficult>0</difficult>
		<occluded>0</occluded>
		<bndbox>
			<xmin>536</xmin>
			<xmax>742</xmax>
			<ymin>211</ymin>
			<ymax>323</ymax>
		</bndbox>
	</object>
</annotation>
