<annotation>
	<folder></folder>
	<filename>video14_77_JPEG_jpg.rf.4f28f35e874c2f3dafeb89d0d13b981c.jpg</filename>
	<path>video14_77_JPEG_jpg.rf.4f28f35e874c2f3dafeb89d0d13b981c.jpg</path>
	<source>
		<database>roboflow.ai</database>
	</source>
	<size>
		<width>1280</width>
		<height>720</height>
		<depth>3</depth>
	</size>
	<segmented>0</segmented>
	<object>
		<name>drone</name>
		<pose>Unspecified</pose>
		<truncated>0</truncated>
		<difficult>0</difficult>
		<occluded>0</occluded>
		<bndbox>
			<xmin>263</xmin>
			<xmax>418</xmax>
			<ymin>428</ymin>
			<ymax>509</ymax>
		</bndbox>
	</object>
</annotation>
