<annotation>
	<folder></folder>
	<filename>video15_359_JPEG_jpg.rf.20b441f367bd7f018fe8611315d2382b.jpg</filename>
	<path>video15_359_JPEG_jpg.rf.20b441f367bd7f018fe8611315d2382b.jpg</path>
	<source>
		<database>roboflow.ai</database>
	</source>
	<size>
		<width>1280</width>
		<height>720</height>
		<depth>3</depth>
	</size>
	<segmented>0</segmented>
	<object>
		<name>drone</name>
		<pose>Unspecified</pose>
		<truncated>0</truncated>
		<difficult>0</difficult>
		<occluded>0</occluded>
		<bndbox>
			<xmin>568</xmin>
			<xmax>706</xmax>
			<ymin>1</ymin>
			<ymax>93</ymax>
		</bndbox>
	</object>
</annotation>
