<annotation>
	<folder></folder>
	<filename>video14_103_JPEG_jpg.rf.a398c33753b33b5a7e2ba954dfb59a4b.jpg</filename>
	<path>video14_103_JPEG_jpg.rf.a398c33753b33b5a7e2ba954dfb59a4b.jpg</path>
	<source>
		<database>roboflow.ai</database>
	</source>
	<size>
		<width>1280</width>
		<height>720</height>
		<depth>3</depth>
	</size>
	<segmented>0</segmented>
	<object>
		<name>drone</name>
		<pose>Unspecified</pose>
		<truncated>0</truncated>
		<difficult>0</difficult>
		<occluded>0</occluded>
		<bndbox>
			<xmin>520</xmin>
			<xmax>551</xmax>
			<ymin>206</ymin>
			<ymax>225</ymax>
		</bndbox>
	</object>
</annotation>
