<annotation>
	<folder></folder>
	<filename>video15_327_JPEG_jpg.rf.b5821d16e9e1edaf697a9026ab948a78.jpg</filename>
	<path>video15_327_JPEG_jpg.rf.b5821d16e9e1edaf697a9026ab948a78.jpg</path>
	<source>
		<database>roboflow.ai</database>
	</source>
	<size>
		<width>1280</width>
		<height>720</height>
		<depth>3</depth>
	</size>
	<segmented>0</segmented>
	<object>
		<name>drone</name>
		<pose>Unspecified</pose>
		<truncated>0</truncated>
		<difficult>0</difficult>
		<occluded>0</occluded>
		<bndbox>
			<xmin>577</xmin>
			<xmax>810</xmax>
			<ymin>347</ymin>
			<ymax>463</ymax>
		</bndbox>
	</object>
</annotation>
