<annotation>
	<folder></folder>
	<filename>video15_350_JPEG_jpg.rf.a0a0fb07a4176daeaef6f255eba5e110.jpg</filename>
	<path>video15_350_JPEG_jpg.rf.a0a0fb07a4176daeaef6f255eba5e110.jpg</path>
	<source>
		<database>roboflow.ai</database>
	</source>
	<size>
		<width>1280</width>
		<height>720</height>
		<depth>3</depth>
	</size>
	<segmented>0</segmented>
	<object>
		<name>drone</name>
		<pose>Unspecified</pose>
		<truncated>0</truncated>
		<difficult>0</difficult>
		<occluded>0</occluded>
		<bndbox>
			<xmin>536</xmin>
			<xmax>724</xmax>
			<ymin>162</ymin>
			<ymax>283</ymax>
		</bndbox>
	</object>
</annotation>
