<annotation>
	<folder></folder>
	<filename>video14_69_JPEG_jpg.rf.bd623a514a811b22b02a0119f02e7728.jpg</filename>
	<path>video14_69_JPEG_jpg.rf.bd623a514a811b22b02a0119f02e7728.jpg</path>
	<source>
		<database>roboflow.ai</database>
	</source>
	<size>
		<width>1280</width>
		<height>720</height>
		<depth>3</depth>
	</size>
	<segmented>0</segmented>
	<object>
		<name>drone</name>
		<pose>Unspecified</pose>
		<truncated>0</truncated>
		<difficult>0</difficult>
		<occluded>0</occluded>
		<bndbox>
			<xmin>191</xmin>
			<xmax>353</xmax>
			<ymin>411</ymin>
			<ymax>493</ymax>
		</bndbox>
	</object>
</annotation>
