<annotation>
	<folder></folder>
	<filename>video15_98_JPEG_jpg.rf.375d1b7cdf1fa6226497b60fc0674950.jpg</filename>
	<path>video15_98_JPEG_jpg.rf.375d1b7cdf1fa6226497b60fc0674950.jpg</path>
	<source>
		<database>roboflow.ai</database>
	</source>
	<size>
		<width>1280</width>
		<height>720</height>
		<depth>3</depth>
	</size>
	<segmented>0</segmented>
	<object>
		<name>drone</name>
		<pose>Unspecified</pose>
		<truncated>0</truncated>
		<difficult>0</difficult>
		<occluded>0</occluded>
		<bndbox>
			<xmin>413</xmin>
			<xmax>640</xmax>
			<ymin>372</ymin>
			<ymax>488</ymax>
		</bndbox>
	</object>
</annotation>
